season_name,player_id,player_name,guaranteed_compensation_1,offensive_goals_added_90_proj
2023,NWMWnVEQlz,Lorenzo Insigne,14000000.0,0.18509810489841128
2023,vzqorrRk5a,Carles Gil,3545830.0,0.1215171459524043
2023,Oa5wY8RXQ1,Hany Mukhtar,1926250.0,0.10888688657523272
2023,wvq90Ym5Wn,Xherdan Shaqiri,8153000.0,0.0981998525303725
2023,Pk5LedyLqO,Thiago Almada,2332000.0,0.09621159503546248
2023,kRQabvYbMK,Walker Zimmerman,2345210.0,0.08022255090525997
2023,EGMPVykqaY,Andreu Fontàs,1125000.0,0.07493990131463436
2023,Pk5LgAwOMO,Juan Hernández,2886000.0,0.0719749564306293
2023,Oa5wVzeWM1,José Cifuentes,411750.0,0.07134437008493281
2023,ljqE2VkOQx,Luciano Acosta,2222850.0,0.07056399752836738
2023,gOMn6oPAMw,Federico Bernardeschi,6256320.0,0.0673074781036246
2023,gpMOa0lnqz,Luiz Araújo,4480330.0,0.06716288044981238
2023,315VXoL7Q9,Emanuel Reynoso,1066910.0,0.06480308454460414
2023,2lqRk1raQr,Kamal Miller,345000.0,0.059757384302668415
2023,eV5DWXJMKn,Chicharito,7443750.0,0.058664073026511096
2023,eV5D9A9qKn,Sebastián Blanco,1708000.0,0.05723218554693067
2023,315VXPJEQ9,Julio Cascante,337500.0,0.05576969681728465
2023,vzqorjWv5a,Alexander Callens,814000.0,0.05171261557630817
2023,odMXRxV2qY,Denis Bouanga,2083330.0,0.048478063015119935
2023,4JMA9R42MK,Adam Buksa,1106250.0,0.04824403496348979
2023,gpMOz1KyQz,Diego Rubio,629583.0,0.04725380486762402
2023,a35rlRnwQL,Francisco Calvo,925937.0,0.04322312601013482
2023,KAqB9bKv5b,Joel Waterman,133909.0,0.0424569134928467
2023,gjMNrbKMKp,Christian Benteke,4182780.0,0.0421888084311448
2023,kRQa22abMK,Bill Tuiloma,304450.0,0.04126238057516643
2023,KAqB9XzA5b,Alan Franco,667500.0,0.04068710655964386
2023,KPqjzJ2q6v,Maximiliano Morález,1300000.0,0.039520731971541455
2023,2vQ14d4xqr,Riqui Puig,1695000.0,0.03951384930997727
2023,Oa5wJkgM14,Carlos Vela,4050000.0,0.03802628531221761
2023,KPqjKkPNQ6,Brandon Bye,343813.0,0.03748266310706887
2023,zeQZJ7YgQK,Rudy Camacho,554000.0,0.03734139673117229
2023,7VqGj7ee5v,Lassi Lappalainen,540000.0,0.03674666881521267
2023,KXMe4l1Q64,Alejandro Bedoya,1110000.0,0.03606192910651897
2023,gOMnR0wlMw,Julian Gressel,969781.0,0.035650822533363574
2023,KXMeklJ1q6,Valentín Castellanos,1076000.0,0.03466722560131395
2023,e7Mz9GBOQr,Mikael Uhre,1666250.0,0.03411998738799422
2023,4JMAaRwPMK,Héctor Herrera,5246880.0,0.033972877508707186
2023,gjMNReABMK,Marcelino Moreno,568333.0,0.03286715125385654
2023,p6qbOeRXQ0,Jordan Morris,1370100.0,0.031927856208798636
2023,gOMnYZnAQw,Mamadou Fall,118750.0,0.031090245948764993
2023,eVq3jyYV5W,Justen Glad,735031.0,0.030867182514817522
2023,Oa5wAaRjQ1,Talles Magno,1198000.0,0.030532632962196708
2023,Pk5L1Gk7qO,Carlos Salcedo,2351000.0,0.03022560029366806
2023,KAqBrrVqbg,Darwin Quintero,661250.0,0.029834356798969633
2023,eVq3xeNXQW,João Moutinho,263000.0,0.02976688667114704
2023,wvq9pAjl5W,Ryan Hollingshead,393750.0,0.0296262177278672
2023,9z5ka8adQA,Ryan Gauld,2265000.0,0.029209504202142876
2023,p6qb0L4M0G,Ruben Gabrielsen,950000.0,0.0279069454636737
2023,vzqozAB5ap,Gustavo Bou,2675000.0,0.027774244904529177
2023,9z5k7rej5A,Brandon Vázquez,517500.0,0.026900570391653028
2023,a35rK9XoqL,Jefferson Savarino,2224290.0,0.026746338953308302
2023,315VXyJXQ9,Andrew Gutman,331250.0,0.026526415665879592
2023,N6Mm78LWqE,Rafael Czichos,1336670.0,0.026084126539631373
2023,0Oq6bAPq6D,Douglas Costa,4508330.0,0.026058188442328968
2023,N6MmoXVxqE,Santiago Rodríguez,612500.0,0.025861437230630502
2023,Xj5Y6ldEqb,José Antonio Martínez,723000.0,0.02574006277985376
2023,NWMWXylK5l,Matt Hedges,900000.0,0.02535485772918355
2023,KPqj7daPQ6,DeJuan Jones,370000.0,0.024571365708584203
2023,OlMl9GgN5L,Nathan,691250.0,0.02421487333969234
2023,eVq3YXGMWO,Danny Wilson,354750.0,0.024044857894953947
2023,KXMekOprq6,Sebastián Driussi,2317000.0,0.023770876190491806
2023,gOMnRPxXMw,Michael Barrios,680000.0,0.02228108810165879
2023,XVqKeYOKM0,Kai Wagner,581000.0,0.02181104989792878
2023,zeQZX6OY5K,Diego Palacios,510000.0,0.021745628432998952
2023,2vQ1Nv7LMr,Rándall Leal,965000.0,0.021685662298956396
2023,9vQ22nALQK,Daniel Ríos,251500.0,0.021503048770033027
2023,4JMAam67MK,Taxiarchis Fountas,1646000.0,0.02127585062814627
2023,wvq9gPmNMW,Jack Elliott,793750.0,0.021221263651918204
2023,odMXRLKWqY,Claudio Bravo,323310.0,0.020864391995216156
2023,BLMvzKKjMx,Andrew Brody,215678.0,0.020416040280183748
2023,KPqjoVdYQ6,Romell Quioto,885000.0,0.020249714978110137
2023,aDQ0PnvBQE,Djordje Mihailovic,751875.0,0.01998627849528173
2023,wvq9gNglMW,Thomas Edwards,422481.0,0.01988430763987542
2023,XVqKYWG2M0,Alejandro Pozuelo,4693000.0,0.019625084136797866
2023,gpMOorbDMz,Juan Sánchez,483500.0,0.01908426121271875
2023,2vQ1XX0qrA,Domenico Criscito,1510000.0,0.019029515525086964
2023,aDQ0PwXWQE,Efrain Álvarez,712167.0,0.018212320216149366
2023,NWMWeDYqlz,Nicolás Lodeiro,3256670.0,0.01778443814377223
2023,eVq3apWvMW,Pedro Santos,687500.0,0.017658536151488533
2023,BLMvlgGAqx,Alex De John,85444.0,0.017311145455580476
2023,vzqo7joZqa,Teenage Hadebe,1179180.0,0.01728542345718101
2023,Vj58zZ2Q8n,Michael Bradley,1500000.0,0.017115073509711178
2023,OlMl9jG05L,Cory Burke,450770.0,0.017049412716876045
2023,Oa5wYLD9Q1,Robin Jansson,581250.0,0.017043340447675907
2023,raMyAZR2Md,Cristian Roldan,981542.0,0.01586155342684724
2023,2vQ1LYxbqr,Paul Arriola,1130000.0,0.015346312841464779
2023,e7MzZprjMr,William Agada,246875.0,0.014985030409069131
2023,p6qbeZ1p50,Robin Lod,952496.0,0.014910472247245172
2023,a35rKYrAqL,Aaron Herrera,795220.0,0.014610131332168338
2023,vzqo71rBqa,Auston Trusty,890292.0,0.014363800890135314
2023,4wM4JmKAqj,Santiago Moreno,344576.0,0.014360255490709057
2023,kRQay0LQKZ,Andy Najar,375000.0,0.014036805941465327
2023,xW5pxRGB5g,Thiago Martins,1962000.0,0.013739327003439028
2023,0Oq6wv26Q6,Jonathan Lewis,435000.0,0.013463719911313553
2023,e7Mz913GQr,Aaron Long,1080000.0,0.012948331941392164
2023,0x5gvyXM7O,Jonathan Mensah,1140670.0,0.012776870154555956
2023,OlMleawP5L,Carlos Terán,255440.0,0.012739334944190309
2023,a35rKGpLqL,Dániel Sallói,506667.0,0.012634249248439906
2023,KAqBjYjvqb,Derrick Williams,821458.0,0.012437564502568397
2023,9z5k71be5A,Dave Romney,475000.0,0.012176566109785842
2023,0x5gP3gXq7,Matt Miazga,1464000.0,0.011688884202151478
2023,KXMekg02q6,Xavier Arreaga,700000.0,0.011666629759261611
2023,aDQ0avK3ME,Steve Birnbaum,762500.0,0.011593449692783404
2023,XVqKejm0M0,John Tolkin,105000.0,0.01136450863494549
2023,NPqxmgXkQ9,Daniel Steres,468750.0,0.010985764357495814
2023,eVq3xXL6QW,Brian Rodríguez,1144800.0,0.010714445857182996
2023,jYQJ129ZqG,Boris Sekulic,668900.0,0.009955323133083735
2023,KAqB9DZX5b,Richie Laryea,1276740.0,0.009753486569735919
2023,Xj5Y44KGMb,Adilson Malanda,278083.0,0.00917902017297577
2023,OlMlnxlDqL,Tristan Blackmon,401208.0,0.009144108022173586
2023,9vQ22BR7QK,Jesús Ferreira,1499000.0,0.00906485994970241
2023,XVqKeEmBM0,Facundo Torres,953200.0,0.008939598625616252
2023,KAqBjWZBqb,Jonathan Osorio,1026250.0,0.008840427602469633
2023,KAqB49JMbg,Gareth Bale,2386670.0,0.008766307333496643
2023,jYQJ1PaVqG,Antônio Carlos,925000.0,0.008605729468993873
2023,eVq3zwj5WO,Christian Fuchs,375000.0,0.008065826973626471
2023,gOMnBnmMwN,Johnny Russell,2000000.0,0.008010391130601082
2023,p6qbOD1bQ0,Eddie Segura,224000.0,0.007751464378555015
2023,4wM42Belqj,Marco Delgado,726250.0,0.007209165669904297
2023,9Yqd6yrkMv,Sergio Santos,918500.0,0.007201572127529915
2023,4JMAoL97qK,Julián Carranza,900000.0,0.0071763490396579335
2023,vzqorGW75a,Gastón Brugman,1409000.0,0.00699167820863311
2023,0Oq63JA7Q6,Wyatt Omsberg,157000.0,0.006802288255263586
2023,EGMPZOJVqa,Alan Velasco,1305000.0,0.0066215710072779505
2023,gjMNvrO4MK,Steven Moreira,632708.0,0.006500824409234574
2023,ljqEj8WNQx,Andrew Farrell,443750.0,0.006497901823544023
2023,2lqRknk2Qr,Yeimar Gómez Andrade,719092.0,0.0063854024687528665
2023,9vQ229oLQK,Erik Thommy,1306250.0,0.00600247376217483
2023,Xj5Y8R7AMb,Cristian Arango,683000.0,0.005746459185402028
2023,wvq9p10l5W,Yimmi Chará,1803000.0,0.005737297890827138
2023,jYQJzWGyQG,Miles Robinson,737500.0,0.0055159870014850464
2023,jYQJa7wWqG,Gabriel Pereira,624500.0,0.005378576503976102
2023,zeQZJN9jQK,Lucas Zelarayán,3700000.0,0.004936467272463161
2023,Oa5wYKEXQ1,João Paulo,1283330.0,0.004874395841186005
2023,jYQJa3zDqG,Jhon Durán,167000.0,0.004572699202952829
2023,eVq3jJV65W,Sega Coulibaly,457000.0,0.004232589404534399
2023,jYQJamlEqG,Bongokuhle Hlongwane,580000.0,0.0037801031142083007
2023,KAqBNEpWqb,Leonardo Campana,135680.0,0.0036637527590484744
2023,4wM4JGblqj,Sean Nealis,196875.0,0.00286355519916553
2023,2lqRk3NWQr,Kyle Duncan,293610.0,0.002689300345340215
2023,gOMnlrDeqw,George Campbell,98000.0,0.0020813258163580126
2023,Xj5Y68Olqb,Daniel Gazdag,586250.0,0.0018851741801941355
2023,2lqRk3lnQr,Keaton Parks,500000.0,0.0017685241273685242
2023,odMXRO3xqY,Lalas Abubakar,272125.0,0.0016438642734952057
2023,9YqdoZeR5v,Alistair Johnston,445625.0,0.0012989054963531508
2023,9vQ22jRLQK,Daniel Lovitz,498750.0,0.0012205868113052461
2023,0x5g2xoXM7,Raheem Edwards,307500.0,0.0011210923880415388
2023,ljqE2eaAQx,Guzmán Corujo,633500.0,0.0011145469717566883
2023,BLMv7ZBA5x,Álvaro Barreal,350000.0,0.0010406374633081684
2023,gOMnR0BmMw,Erik Holt,125000.0,0.0008268360381217012
2023,Xj5YLGRGMb,Javain Brown,97481.0,0.0007769623628128483
2023,2lqRpEnMr0,Franco Jara,3227000.0,0.0006411323352263285
2023,aDQ0NjkG5E,Gabriele Corbo,120192.0,0.0004354518605261936
2023,xW5pro36Qg,Sergio Córdova,696000.0,0.0003469603028723126
2023,wvq9eY8YqW,Robert Voloder,427860.0,0.00017985237967864907
2023,raMyAZyBMd,Nicholas DePuy,231000.0,8.354909160506949e-05
2023,raMyyJaAMd,Paul Marie,156375.0,2.6522871922332256e-05
2023,vzqo4GNQap,Graham Zusi,450000.0,-0.00028380727193142753
2023,2lqRRZy2qr,Ilie Sánchez,1150000.0,-0.0003032121424962758
2023,zeQZJaarQK,Erik Godoy,550000.0,-0.0006221591759801616
2023,N6MmebxeME,Rodrigues,608000.0,-0.0007851358191928431
2023,9z5karAKQA,Nick Hagglund,84000.0,-0.0008163551087281753
2023,xW5pxaa95g,Jesús David Murillo,509500.0,-0.0008352032173200019
2023,vzqor9jp5a,Johan Kappelhof,287000.0,-0.0012145296125403004
2023,2lqRR4Rxqr,Lewis Morgan,653125.0,-0.0012401650563621785
2023,315Vz8n59x,Ola Kamara,1520000.0,-0.001276511342724036
2023,KAqBNL8mqb,Nathan Harriel,107500.0,-0.0013325911150605906
2023,2vQ1N6yLMr,Giacomo Vrioni,1747500.0,-0.0014348841238791387
2023,xW5prK4BQg,Ariel Lassiter,230280.0,-0.0015388630573762944
2023,BLMvly1Oqx,Milos Degenek,812000.0,-0.0019680184549512054
2023,2lqRjkEJqr,Logan Ndenbe,396125.0,-0.0021448556964388105
2023,9Yqd6zJLMv,Marcos López,440250.0,-0.002317810838344753
2023,Pk5Lgax7MO,Robbie Robinson,185000.0,-0.0025395163332916307
2023,ljqE83Y5x0,Anton Tinnerholm,800000.0,-0.0025852892200438713
2023,Vj58lyym58,Emerson Rodríguez,350500.0,-0.0027327490268157627
2023,gOMn66nAMw,Alexander Ring,1640000.0,-0.0027693608126150918
2023,e7MzAxyGQr,Henry Kessler,170000.0,-0.0028923339738134105
2023,0x5gLEGRq7,Oskar Aegren,65500.0,-0.0029900666770303758
2023,eV5D0G2Z5K,Alvas Powell,167000.0,-0.003003917573956313
2023,eVq3Z3D5WO,Giorgio Chiellini,1075000.0,-0.003043295529689377
2023,eV5DL18a5K,Jakob Glesnes,739063.0,-0.003120221189404731
2023,0x5g2pW7M7,Shaquell Moore,779400.0,-0.0034299637231380714
2023,wvq9g7AaMW,Tim Parker,1037500.0,-0.0035769288957529614
2023,XVqKeBkKM0,Jacob Shaffelburg,136500.0,-0.0035914604874416924
2023,7vQ73orEQD,DeAndre Yedlin,848750.0,-0.0037709341170971203
2023,NWMWVR6jQl,Brendan Hines-Ike,417917.0,-0.003796825614035153
2023,gpMOzy4nQz,Damion Lowe,268333.0,-0.004416191380201892
2023,Vj58w7RmM8,Alex Roldan,232500.0,-0.0044746409803753245
2023,Vj58WXb2M8,Olivier Mbaizo,367343.0,-0.004784126747122898
2023,OlMlrpyAqL,Lucas Cavallini,1462500.0,-0.004810873595275322
2023,gOMnldW8qw,Ema Twumasi,336900.0,-0.004824717723632252
2023,KAqBjOz4qb,Brad Smith,591250.0,-0.005013593367801375
2023,gpMOa6zrqz,Derrick Etienne,175000.0,-0.00520281557609268
2023,gpMOpB15zy,Fredy Montero,110000.0,-0.005215992663982594
2023,ljqEVeEoQx,Rodrigo Schlegel,200000.0,-0.00534079620816944
2023,7vQ7Bmj8qD,Nicolás Acevedo,254800.0,-0.005394404958263734
2023,KPqjodW4Q6,Dairon Asprilla,352500.0,-0.00593743479405635
2023,kRQabOZYMK,Tyler Blackett,840000.0,-0.006017839565801606
2023,2lqRR8gnqr,Jean Mota,805000.0,-0.006173319313955832
2023,7VqGjZZA5v,Brent Kallman,168000.0,-0.006282758835368633
2023,zeQZJm9jQK,Anton Walkes,353594.0,-0.006458375281161659
2023,KAqBNnYXqb,Malte Amundsen,308700.0,-0.006582485370743881
2023,jYQJal6kqG,Miguel Ángel Navarro,247000.0,-0.006660613317099448
2023,Oa5wVgVYM1,Chris Mueller,612316.0,-0.006949005000507978
2023,KXMeOaaPq6,Emiliano Rigoni,2294150.0,-0.0072347853472591525
2023,4JMAoJgYqK,Cade Cowell,635364.0,-0.007461606464717826
2023,BLMv7L435x,Andrés Reyes,469375.0,-0.007606177393734463
2023,gpMOa9aRqz,Ashley Fletcher,1569750.0,-0.008248766785794335
2023,KAqBgZVQbg,Mauricio Pereyra,1348000.0,-0.008450176036756574
2023,p6qbOkywQ0,Pablo Ruiz,523500.0,-0.008653502856742629
2023,0x5gZDPM7O,Kei Kamara,94000.0,-0.008903326509030649
2023,0x5gLLjRq7,Julian Araujo,678750.0,-0.008958364868918486
2023,N6MmeKWLME,Brooks Lennon,500000.0,-0.008973233440844403
2023,Vj58YwDDq8,Justin Meram,468750.0,-0.009098498827300548
2023,0Oq63P32Q6,Nkosi Burgess,197950.0,-0.009257851057989066
2023,eVq3xXDDQW,Cristian Cásseres Jr,274000.0,-0.009380411788947596
2023,0x5gXlrq7O,Roger Espinoza,300000.0,-0.009566937512391075
2023,aDQ0l8j3QE,Vuk Latinovich,85444.0,-0.009597338847679828
2023,KPqjnyNq6v,Damir Kreilach,1762570.0,-0.009821739013046192
2023,7vQ7BmAzqD,Hassani Dotson,457500.0,-0.010369904154439037
2023,KAqB9mYm5b,Karol Swiderski,2258000.0,-0.010390812884281552
2023,7vQ7rvNDqD,Cristian Dájome,815625.0,-0.010391772305149857
2023,odMXR02JqY,D.J. Taylor,85444.0,-0.010482316528092119
2023,kRQayrjQKZ,Nicolas Isimat-Mirin,1028120.0,-0.010499794016072662
2023,gOMnlWY8qw,Jaziel Orozco,65500.0,-0.010526516302072218
2023,NPqxmbKZQ9,Franco Fragapane,257496.0,-0.010572642835861023
2023,BLMv7E4X5x,Lucas Esteves,426092.0,-0.010690477568438236
2023,EGMPxA0MaY,Alexandre Pato,400000.0,-0.010801043849124186
2023,p6qbokmpQ0,Jairo Quinteros,85000.0,-0.010831148439943192
2023,eVq3jBAv5W,Jeremy Ebobisse,766617.0,-0.010921142558258028
2023,KPqjKWwPQ6,Brian Gutierrez,105900.0,-0.01145137650694216
2023,0Oq6ENn256,Danny Musovski,93988.0,-0.011474597292338226
2023,eV5DzmNmQK,Kipp Keller,96500.0,-0.011591333942907848
2023,9YqdkXVO5v,Cristian Tello,1725070.0,-0.01172016793916922
2023,Pk5L6k6PQO,Kwadwo Opoku,133095.0,-0.01191944099564626
2023,0x5g2lywM7,Jake Nerwinski,280000.0,-0.011954943508978282
2023,jYQJ1w0GqG,Stuart Findlay,450000.0,-0.01230755504643274
2023,NPqxm7JXQ9,Ben Sweat,200000.0,-0.01236750924768859
2023,odMX7aKWQY,Marinos Tzionis,612500.0,-0.012409908515991679
2023,2lqRRJ2Lqr,Raúl Ruidíaz,3201120.0,-0.012588181185384864
2023,xW5prl1KQg,Dominique Badji,555000.0,-0.012665780105240172
2023,aDQ0LoylQE,Griffin Dorsey,144000.0,-0.012913302193761739
2023,zeQZ7D3xMK,Patryk Klimala,1135000.0,-0.01309029849522651
2023,jYQJaaBdqG,Jack McGlynn,91400.0,-0.013393184493674696
2023,raMy4eBQd2,Dom Dwyer,84000.0,-0.013394338084369063
2023,Xj5Y9zw05b,Dylan Nealis,200000.0,-0.013433954193512666
2023,Xj5Y87GAMb,Yordy Reyna,797500.0,-0.013508190407450285
2023,eVq3jWWD5W,Kamil Jozwiak,1017000.0,-0.01395660698372527
2023,p6qbrkpq0G,Harrison Afful,332500.0,-0.013980168265963322
2023,Xj5Y6bvaqb,Rayan Raveloson,855025.0,-0.014026844096168983
2023,OlMlezzg5L,Lukas MacNaughton,86100.0,-0.01410084190566185
2023,0x5gNXPM7O,Martín Cáceres,294400.0,-0.014203263506042157
2023,KXMeke41q6,Robert Taylor,278900.0,-0.014208313108726814
2023,gOMnRxreMw,Andre Shinyashiki,150000.0,-0.014271458552184133
2023,xW5pbAlQg1,Maxime Chanot,700000.0,-0.014342861575059757
2023,wvq9p9y15W,Alan Benítez,437250.0,-0.014446568887309183
2023,Pk5Le0VDqO,Ryan Raposo,114000.0,-0.014581043122459308
2023,0x5g2XBjM7,Jaylin Lindsey,235625.0,-0.014746256996196049
2023,vzqo7XWpqa,Jackson Ragen,65500.0,-0.01482691096072428
2023,gpMOa627qz,Tony Alfaro,89513.0,-0.014845114522411702
2023,vzqo7EpLqa,Anthony Markanich,65500.0,-0.014896252035358416
2023,9vQ2d3X75K,Kellyn Acosta,1215000.0,-0.015022815868774382
2023,EGMPZ0m3qa,Juan Mosquera,178167.0,-0.015085958354042993
2023,raMyZA6R5d,Ravel Morrison,917844.0,-0.015277566087179792
2023,KXMe8zRPQ6,Sami Guediri,84000.0,-0.015355389572833153
2023,raMye0jJMd,Matai Akinmboni,75000.0,-0.015586721308882091
2023,raMyAGEBMd,Fafa Picault,600000.0,-0.01567064690998062
2023,e7Mz9PWjQr,Keegan Rosenberry,400000.0,-0.01573405900156362
2023,KXMe8EJ6Q6,Pedro Vite,609997.0,-0.015746124376544376
2023,XVqKYGbWM0,Bobby Wood,1018160.0,-0.015749097386941843
2023,315VXDObQ9,Christian Makoun,200000.0,-0.015830594613396465
2023,eV5DLNDm5K,Brenner,2218600.0,-0.01591284825037339
2023,raMyA6KRMd,Jon Gallagher,155000.0,-0.01622290066518673
2023,wvq9wYNMWn,Victor Wanyama,3091670.0,-0.016222912505848647
2023,2lqRkZXDQr,Cristian Espinoza,1265000.0,-0.01629936109644864
2023,N6MmeGvRME,Edison Flores,1733000.0,-0.01630236973933804
2023,EGMPy6A5aY,Chris Mavinga,1037500.0,-0.016346779624262484
2023,KAqB9EbX5b,Alan Steven Franco,538300.0,-0.016527582722003442
2023,N6MmKdJPqE,Jack Maher,164000.0,-0.016666442763948745
2023,jYQJBvJGQG,Jonathan Bell,84000.0,-0.01676332297504276
2023,kRQaoj6O5K,Dylan Borrero,613962.0,-0.01686755951511773
2023,7VqGjPKj5v,Jhohan Romaña,440000.0,-0.01710196270269379
2023,Pk5LgPOmMO,Ethan Bartlow,91500.0,-0.017195972500060167
2023,2lqRkPknQr,Tommy Thompson,280000.0,-0.017235027128474818
2023,zeQZzPgQKw,Danny Hoesen,716667.0,-0.01725129485337232
2023,KXMe8gzPQ6,Luquinhas,1173120.0,-0.01741936445454916
2023,9vQ22pVaQK,Matt Polster,353437.0,-0.017559858552948497
2023,raMyArxkMd,Zeca,259015.0,-0.01759942791286916
2023,7VqG0oaYQv,Abdoulaye Cissoko,66724.0,-0.01767697659390361
2023,eV5DLY8A5K,Mason Toye,558000.0,-0.017773373143482343
2023,e7MzXrOqr0,Víctor Vázquez,440000.0,-0.01779919586885016
2023,2vQ1N1r4Mr,Gregore,801000.0,-0.01784787200550085
2023,7VqG376xqv,Thorleifur Úlfarsson,77699.0,-0.017871745890460294
2023,7vQ7rmxEqD,Jamiro Monteiro,1293500.0,-0.017906994617014036
2023,eV5DLWdm5K,Ronald Hernández,300000.0,-0.01809828598563299
2023,2vQ1LYY0qr,Emmanuel Boateng,225000.0,-0.0181123606655156
2023,gOMnR6e6Mw,Nick Lima,350000.0,-0.018131848672310442
2023,a35ryZ7bML,Tanner Beason,200000.0,-0.018315913727923707
2023,aDQ0Pv1WQE,Carlos Ferreira,1970200.0,-0.01832526270021559
2023,4JMAaoa7MK,Héctor Jiménez,200000.0,-0.018328508133624202
2023,wvq9gNOBMW,Jairo Torres,1219330.0,-0.01834725240299346
2023,EGMPlpRxMa,Gyasi Zardes,1550000.0,-0.01849131350008964
2023,KPqjKWmyQ6,James Igbekeme,408281.0,-0.018496736575961348
2023,aDQ0aNE3ME,Michael Boxall,655307.0,-0.018505794443779307
2023,raMyeneJMd,Ryan Sailor,65500.0,-0.018508741164981773
2023,9Yqdoey95v,Jan Sobociński,351250.0,-0.01856387290524899
2023,9Yqd6zwjMv,Santiago Sosa,643100.0,-0.018574769535299258
2023,KAqB92k75b,Franco Escobar,550008.0,-0.01875305254963322
2023,7VqGoadqvW,Marcelo Silva,646667.0,-0.018798303544007067
2023,7vQ73NxYQD,Kelyn Rowe,275000.0,-0.018874414275131243
2023,N6MmeX2wME,Nacho Gil,100000.0,-0.018914874414332795
2023,KPqjKLjnQ6,Cameron Harper,276250.0,-0.018990401301088564
2023,OlMleyrD5L,Matías Pellegrini,970833.0,-0.01903230612495807
2023,a35rKZZwqL,Marvin Loría,164375.0,-0.019107686412216975
2023,Xj5YLGKxMb,Christopher McVey,224292.0,-0.01912817154372446
2023,7vQ73wYGQD,Héber,914000.0,-0.019132562594756368
2023,gpMOel1Rqz,Justin Rasmussen,65500.0,-0.019160818363519676
2023,eVq3jx6G5W,Adrián Cubas,900000.0,-0.019449178340946248
2023,vzqodD8ZQa,Arquimides Ordonez,69037.0,-0.019629951061216126
2023,vzqo7onNqa,Zachary Brault-Guillard,319375.0,-0.01991381988313408
2023,OlMle3AD5L,Thomas Williams,73254.0,-0.019919758169211217
2023,0x5g2EKLM7,Indiana Vassilev,134000.0,-0.019936748893470597
2023,e7Mz9DgGQr,Jack Price,725000.0,-0.020003400400795526
2023,ljqE2ekNQx,Zan Kolmanic,300000.0,-0.02011403082443606
2023,4wM4a9Gl5j,Adalberto Carrasquilla,469132.0,-0.02047559229920241
2023,NWMWrgeQlz,Larrys Mabiala,460000.0,-0.02055386106896582
2023,eV5Dk92mMK,Kendall Burks,84000.0,-0.02056707444419692
2023,0Oq6wyrPQ6,Kortne Ford,151667.0,-0.020806524527355423
2023,odMX7XZoQY,Zac McGraw,84000.0,-0.020912156996875222
2023,odMX8xmrMY,Sebastien Ibeagha,252125.0,-0.021009892580518066
2023,Oa5wXw8q14,Geoff Cameron,469000.0,-0.021107828064916345
2023,aDQ00OGQEv,Jozy Altidore,4264960.0,-0.021274230907778916
2023,ljqE2PwVQx,Memo Rodríguez,310935.0,-0.021341967289579458
2023,Oa5wVLWAM1,Adam Lundkvist,372500.0,-0.021465393106814598
2023,vzqo7j3Jqa,Niko Hansen,219400.0,-0.021549077944587613
2023,p6qboeJDQ0,Damian Rivera,84000.0,-0.02187967001068321
2023,Pk5LegYPqO,Ercan Kara,1860000.0,-0.02192488547244112
2023,kRQa207YMK,Paxton Pomykal,700000.0,-0.021926194759729633
2023,BLMv1GlQxe,Albert Rusnák,1871670.0,-0.021996350563244647
2023,EGMPnReVqa,Anderson Julio,820000.0,-0.022042495562198273
2023,7vQ7rVvGqD,Kevin O'Toole,65500.0,-0.022051703020712618
2023,9vQ2dZe15K,Jalil Anibaba,150000.0,-0.02205398801367712
2023,eVq3a8XyMW,Ismael Tajouri-Shradi,647860.0,-0.022277415725067536
2023,xW5pyrwKqg,Obinna Nwobodo,1028100.0,-0.022291199669814396
2023,gOMn6NBlMw,Yaw Yeboah,663750.0,-0.022318817344402397
2023,vzqo7mXJqa,Iván Angulo,380660.0,-0.022340841309339995
2023,aDQ0PGdGQE,Handwalla Bwana,140000.0,-0.022356412945292038
2023,0x5gPvZRq7,Eriq Zavaleta,84000.0,-0.022647928622703317
2023,ljqEjLaEQx,Diego Fagundez,450000.0,-0.022674921780561713
2023,ljqEjV8oQx,Nathan Byrne,607833.0,-0.02274361990540018
2023,gOMnR96lMw,Alex Muyl,331562.0,-0.022763751124727966
2023,OlMl9gDP5L,Kim Moon-Hwan,179000.0,-0.022852168865892572
2023,N6MmWAYwqE,Noel Buck,65500.0,-0.022995895410571898
2023,jYQJzo8ZQG,Cristián Gutiérrez,267500.0,-0.02307225257860109
2023,jYQJad7DqG,Siad Haji,129000.0,-0.023085443268854887
2023,2lqRkWjJQr,Ruan,360000.0,-0.023240227252491363
2023,BLMv7DLA5x,Darren Yapi,76333.0,-0.023251934894517646
2023,315VkJ1Yq9,Ian Murphy,67750.0,-0.02326538061103297
2023,Oa5wAK9WQ1,Tyler Wolff,114500.0,-0.023474988245097098
2023,Xj5Y6AlAqb,Orrin McKinze Gaines II,86750.0,-0.023475256887216717
2023,raMy4ylQd2,Omar González,450000.0,-0.02349190934744054
2023,Oa5wdYB9q1,Elias Manoel,374800.0,-0.023541132114384546
2023,4JMAolz1qK,Daniel Pereira Gil,102258.0,-0.023570450640174535
2023,KPqj7jY4Q6,Mark-Anthony Kaye,700000.0,-0.023577360378142665
2023,zeQZJX1KQK,Zarek Valentin,290000.0,-0.023629623470830877
2023,2vQ14E1Kqr,Ranko Veselinovic,490500.0,-0.023924782963746477
2023,4JMAaEp9MK,Sam Nicholson,335313.0,-0.024039283626363973
2023,KAqBNr8Jqb,Kosi Thompson,70760.0,-0.024050961861530402
2023,EGMPlOjkMa,Felipe Mora,955000.0,-0.024169829223718572
2023,4JMA1m7MKg,Kelvin Leerdam,335000.0,-0.02427282621076301
2023,4wM4JlEyqj,Kervin Arriaga,103667.0,-0.024308707626251435
2023,N6Mm76gZqE,Josef Martínez,4141670.0,-0.024350491511774628
2023,2lqRjjpDqr,Ethan Dobbelaere,103716.0,-0.02436317742652381
2023,9z5k7zAl5A,Marcus Godinho,88444.0,-0.02436404911217351
2023,NWMWVG8ZQl,Donovan Pines,152000.0,-0.024415790523519262
2023,9Yqd2xmMvJ,Felipe Gutiérrez,569250.0,-0.024577780839966718
2023,aDQ0a6jPME,Shane O'Neill,358000.0,-0.024587838336828753
2023,315VPPBEQ9,Tayvon Gray,144788.0,-0.0246078748682634
2023,kRQabYwjMK,Corentin Jean,788400.0,-0.02468496885221234
2023,eVq3xk1VQW,Sebastian Berhalter,137250.0,-0.02477968445760434
2023,4wM42Zd4qj,Josh Williams,325000.0,-0.024839262888233002
2023,KAqB9aJV5b,Nigel Robertha,622406.0,-0.02486973498844183
2023,a35ryXO2ML,Luis Díaz,408900.0,-0.02493364912521648
2023,4wM4JyWBqj,Thiago,199600.0,-0.02494388257744879
2023,Oa5wVYL4M1,Luis Amarilla,785000.0,-0.025132152401099367
2023,eVq3a0ZgMW,Maikel Chang,98261.0,-0.025146864364364224
2023,9z5kamgdQA,Jimmy Medranda,210000.0,-0.02517021430128514
2023,jYQJgJvdMG,Koa Santos,65500.0,-0.02534846969990126
2023,7VqG0ZGYQv,Diego Luna,98380.0,-0.02540510516662657
2023,315VPoB6Q9,Kayden Pierre,70600.0,-0.025421244098890867
2023,Oa5wAK7jQ1,Nanu,668750.0,-0.02545716303650227
2023,a35rlyZ4QL,Diego Chara,683333.0,-0.025547993923961412
2023,7vQ7BYdeqD,Dru Yearwood,568750.0,-0.025590767783802825
2023,4JMA97YkMK,Matheus Rossetto,662500.0,-0.025606601035451836
2023,KAqBkYpWQb,Kristian Fletcher,105189.0,-0.025673385665522748
2023,vzqoJzL75a,Nicholas Markanich,65500.0,-0.025678933750127017
2023,p6qbgGEpQ0,Kerwin Calderón Vargas,392167.0,-0.025684289600799853
2023,EGMP1wzA5a,Tate Schmitt,92500.0,-0.02589096040878728
2023,e7Mz9oL7Qr,Martín Rodríguez,597200.0,-0.025932458295471195
2023,7vQ7Bvx8qD,Christopher Garcia,94300.0,-0.026252244053795667
2023,vzqo78BJqa,Omir Fernandez,155000.0,-0.02628991108317068
2023,Pk5LgWeGMO,Bakaye Dibassy,743125.0,-0.02634313152999195
2023,e7MzZ63OMr,Bernard Kamungo,84000.0,-0.026348802418542747
2023,BLMvzPNlMx,Cecilio Domínguez,1736000.0,-0.026449351825294287
2023,Pk5LeG0YqO,Quinn Sullivan,103500.0,-0.02651212442303681
2023,gpMOoN8OMz,Nicholas Gioacchini,369287.0,-0.026566782824276984
2023,raMyrrNJ5d,Bode Davis,88294.0,-0.026660709036720028
2023,Vj587nmM8n,Teal Bunbury,444167.0,-0.02666182175935018
2023,BLMv6ZyRMx,Niko Tsakiris,69667.0,-0.0266700462645771
2023,9z5k7X9J5A,Blake Bodily,84000.0,-0.02680234528148512
2023,0Oq633dAQ6,Griffin Yow,136118.0,-0.026840632727209737
2023,p6qbe72X50,Alessandro Schöpf,892500.0,-0.026887907415952025
2023,0Oq63oxzQ6,Aiden McFadden,65500.0,-0.02719488730465614
2023,2vQ1NO0OMr,Jáder Obrian,467100.0,-0.027210166582124738
2023,aDQ0PKPRQE,Marco Farfan,225000.0,-0.027334146862495315
2023,4JMA1yOMKg,Victor Pálsson,863125.0,-0.02734045880813577
2023,wvq9eZdYqW,Benjamin Kikanovic,91219.0,-0.027342462594715844
2023,0Oq6wjzgQ6,Abu Danladi,142125.0,-0.02734567691689524
2023,gjMNvjYvMK,Darlington Nagbe,1760000.0,-0.027414593240167283
2023,9vQ2Z1GaQK,Nathan,65500.0,-0.02741590849502168
2023,NPqxx0vXq9,Andre Reynolds,98000.0,-0.02754119305128471
2023,raMyDodQd2,Bryan Oviedo,320960.0,-0.02766751930421594
2023,KXMeAPkM64,Dax McCarty,517500.0,-0.027700147294384567
2023,OlMleY045L,Emiliano Brienza,179000.0,-0.027716284716139412
2023,vzqo7PoNqa,Marlon Hairston,175000.0,-0.02792072715138727
2023,eVq3jBjj5W,Tom Barlow,188151.0,-0.027947413018918822
2023,NWMWVe1KQl,Edwin Munjoma,84000.0,-0.027967392797520405
2023,0Oq6lrerM6,Gastón Giménez,2360670.0,-0.02798616909897831
2023,gjMN694KMK,Abdoul Zanne,179000.0,-0.02802935971616123
2023,e7Mzl0nXqr,Miguel Trauco,150000.0,-0.028255553433126232
2023,4wM4Jwdzqj,Jahkeele Marshall-Rutty,136842.0,-0.028276998959432177
2023,315VelRbM9,Joevin Jones,458100.0,-0.02831925447493669
2023,OlMlenEy5L,Jesús Jiménez,934927.0,-0.028349856297199806
2023,aDQ0NZOB5E,Matko Miljevic,593364.0,-0.02846032707517584
2023,gOMn6vBBMw,Erik Hurtado,84000.0,-0.028463579544395143
2023,9vQ22OOoQK,Jackson Yueill,736875.0,-0.0285323506920053
2023,vzqo7jLvqa,Nouhou Tolo,344274.0,-0.02863345482949458
2023,NPqxxxgmq9,Dantouma Toure,80118.0,-0.028703644341557956
2023,gpMOa0y1qz,Christopher Gloster,238000.0,-0.028775109705622276
2023,OlMl9ZOw5L,Chase Gasper,400000.0,-0.028792936684992783
2023,jYQJznnkQG,Chris Durkin,445000.0,-0.02881608420942252
2023,jYQJaAbBqG,Edison Azcona,65500.0,-0.028837148429783868
2023,kRQa2j0LMK,Kyle Smith,141244.0,-0.028902876754999404
2023,xW5pyyaJqg,Braian Ojeda,608653.0,-0.02898317898121129
2023,4wM4E8Xg5j,Chris Donovan,65500.0,-0.02905778654477137
2023,2lqRkmAWQr,Jackson Conway,84000.0,-0.029083425201414062
2023,ljqELmeo5x,Ousseni Bouda,96500.0,-0.029163288359913518
2023,Oa5wV1NBM1,Jaroslaw Niezgoda,976758.0,-0.029233249949087492
2023,7VqG00yjQv,Adam Armour,65500.0,-0.029257213501109817
2023,vzqodgRYQa,Ibrahim Sunusi,291250.0,-0.02935673657094373
2023,2vQ1L4XOqr,C.J. Sapong,550000.0,-0.02942205070136303
2023,4JMAaaxkMK,Sebastian Lletget,1023750.0,-0.029506200473875678
2023,odMXjX2qYL,Kieran Gibbs,378167.0,-0.029585215715905916
2023,aDQ0lpPBQE,Samuel Adeniran,65500.0,-0.029689960227517583
2023,BLMv7ygB5x,César Araujo,261000.0,-0.02977775786398399
2023,7VqGjPwe5v,Samuel Grandsir,988427.0,-0.029818973290082845
2023,BLMvD98qxe,Florian Jungwirth,592667.0,-0.029930826763845828
2023,gpMOoa2RMz,Chris Kablan,126000.0,-0.030018788482415855
2023,wvq9ppPN5W,Doneil Henry,403000.0,-0.03022759428218038
2023,KXMekX42q6,Dejan Joveljic,612500.0,-0.03024616623099413
2023,NWMWlKbN5l,Jordan Perruzza,86500.0,-0.03027276565369292
2023,Vj58BVBEQ8,Gustavo Vallecilla,344880.0,-0.03027480189013078
2023,eV5DLedE5K,Latif Blessing,416667.0,-0.03031177846339172
2023,gOMnYzdxQw,Tsiki Ntsabeleng,65500.0,-0.030371424667194925
2023,vzqodxN7Qa,Jacen Russel-Rowe,72866.0,-0.030409375576820344
2023,NPqxA8RmQ9,Nelson Quiñones,171890.0,-0.03050586281407433
2023,eVq3jJYw5W,Jonathan González,245000.0,-0.030536229283696273
2023,7VqG0XxeQv,Hugo Mbongue,75078.0,-0.03061685024806219
2023,4wM4JGRNqj,Joshué Quiñonez,227833.0,-0.030697033476014372
2023,Xj5Y6nZyqb,Ethan Zubak,130000.0,-0.03076494412578857
2023,wvq9ebLaqW,Reed Baker-Whiting,85500.0,-0.030800510604604765
2023,BLMvXJOqxe,Shea Salinas,280000.0,-0.030804255375582172
2023,e7Mzl29Xqr,Joseph Mora,200000.0,-0.030826628515962864
2023,9Yqd6OVEMv,Zach Ryan,65500.0,-0.0309083266663776
2023,0Oq63Ym2Q6,Ryan Spaulding,65500.0,-0.030951561212852592
2023,gjMNvnjDMK,Dario Zuparic,766667.0,-0.030972199838800687
2023,0x5g2LVRM7,Ronald Matarrita,806875.0,-0.031061950700029317
2023,eVq3xvygQW,Tega Ikoba,85444.0,-0.031138793784105334
2023,xW5pyO7Bqg,Easton Ongaro,179000.0,-0.031245057787697282
2023,e7Mzl0O6qr,Nikola Vujnovic,481705.0,-0.03126890604023417
2023,Oa5wEGBQ14,Steven Beitashour,172500.0,-0.03129452786133349
2023,eV5DzeZaQK,Leonardo Chú,550000.0,-0.031339148031309515
2023,gpMOoOjnMz,Kwaku Owusu,85444.0,-0.031358849054523734
2023,7VqG00lAQv,Benjamin Redzic,74346.0,-0.0314054661612333
2023,XVqKWAZBq0,Brandon Servania,455833.0,-0.03151645766587122
2023,raMyrZKR5d,Moses Nyeman,92502.0,-0.03153415018454321
2023,Oa5wVojBM1,Washington Corozo,327500.0,-0.03171479365120295
2023,BLMv70kA5x,William Richmond,65500.0,-0.03173566312192496
2023,a35ryB2AML,Alex Monis,85900.0,-0.031873630998546995
2023,KPqj7dxnQ6,Pierre Reedy,179000.0,-0.03188178839314336
2023,wvq9gwJZMW,Kadin Chung,70631.0,-0.031982919304468505
2023,0Oq6lnlrM6,José Van Rankin,85000.0,-0.03200443581093202
2023,4wM4JkaAqj,Thiago Fernandes,370344.0,-0.032069831164217015
2023,9vQ2ZjbmQK,Jayden Nelson,136586.0,-0.032311910800545185
2023,jYQJzy1EQG,Dylan Teves,65500.0,-0.032357784273612585
2023,KAqBjmYXqb,Kacper Przybylko,1212500.0,-0.03245186337163897
2023,e7Mzlg8Xqr,Hassan Ndam,84000.0,-0.032468467708876965
2023,gjMNRlApMK,Ronaldo Cisneros,244000.0,-0.032479938300155366
2023,jYQJzmgEQG,Alexandru Matan,458250.0,-0.03254076928803529
2023,XVqKG1XWq0,Simon Becher,179000.0,-0.032603089787600695
2023,4JMA9GAYMK,Oniel Fisher,133000.0,-0.03266200713122351
2023,aDQ0lkLBQE,Diego Gutiérrez,65500.0,-0.03272458373974824
2023,e7MzJVJ7Mr,Theodore Ku-Dipietro,65500.0,-0.03294195916236398
2023,NWMWLO7N5l,Sam Junqua,89513.0,-0.032982385441857574
2023,NWMWlaDZ5l,Kobe Franklin,179000.0,-0.033112837605497616
2023,2lqRkbN4Qr,Paul Rothrock,179000.0,-0.03312794381980181
2023,EGMPZXgxqa,Francisco Ginella,572250.0,-0.033273278063791205
2023,2vQ14E3lqr,Gaoussou Samake,84000.0,-0.033308045868002824
2023,zeQZ79JKMK,Kimarni Smith,85444.0,-0.03332231857100183
2023,OlMlam05Lz,Brek Shea,206100.0,-0.033367221015081265
2023,wvq9eWbBqW,Deandre Kerr,70819.0,-0.03354181686397949
2023,0Oq6wjlzQ6,Jack Skahan,84000.0,-0.03358113245931231
2023,gOMnlXymqw,Pablo Bonilla,144667.0,-0.033582893776329704
2023,XVqKear0M0,Aimé Mabika,73625.0,-0.033585084347271865
2023,ljqE2EWkQx,Cristhian Paredes,350000.0,-0.03373522127072734
2023,gpMOyGlqzy,Kevin Molino,700348.0,-0.033743696506945635
2023,2lqRkoYxQr,Taylor Washington,107570.0,-0.03379771195504546
2023,zeQZXXm15K,Jacob Davis,65500.0,-0.033822534768269796
2023,XVqKWA9Bq0,Zico Bailey,84000.0,-0.033838711405224604
2023,315VDkYQ9x,A.J. DeLaGarza,250000.0,-0.0338894794418522
2023,eVq3xb9XQW,Daniel Trejo,65500.0,-0.03392286428665191
2023,7VqGjDgY5v,Justin Rennicks,120000.0,-0.03418270874487192
2023,2lqRRkw2qr,Alfredo Morales,662250.0,-0.034261503952930004
2023,Oa5wAWDAQ1,Adrien Pérez,89513.0,-0.03430968346830125
2023,KAqB97xV5b,Victor Bezerra,96461.0,-0.034329336051815665
2023,KPqjK4w4Q6,Noah Allen,67167.0,-0.03435775169920455
2023,KAqB9Vgm5b,Tesho Akindele,340000.0,-0.03445487035898312
2023,KPqj7OVPQ6,Fabian Herbers,281250.0,-0.034474363503027086
2023,0Oq6lyNdM6,Wil Trapp,784875.0,-0.03452668373199279
2023,7vQ7rA7YqD,William Sands,90250.0,-0.03456445666581022
2023,NWMWlWle5l,Brian White,456000.0,-0.03458674070287705
2023,odMXj3JqYL,Drew Moor,172500.0,-0.03462142575949178
2023,jYQJOaZMGR,Osvaldo Alonso,84000.0,-0.034649973030080626
2023,OlMl99Jy5L,Jonathan Menéndez,602813.0,-0.03493074752601767
2023,9vQ223NeQK,Cal Jennings,84000.0,-0.03497293600759561
2023,gOMnlYO6qw,Roberto Avila,65500.0,-0.035125612757431396
2023,p6qb0K3M0G,Tosaint Ricketts,84000.0,-0.03528865707563881
2023,eV5DLDVJ5K,Eryk Williamson,550000.0,-0.03545223678694674
2023,NPqxADDYQ9,Ali Ahmed,179000.0,-0.03548528544683442
2023,KPqjodRYQ6,Júnior Moreno,373750.0,-0.035534492012400054
2023,0Oq6wel7Q6,Cameron Duke,93000.0,-0.035570170863041775
2023,gOMn6X0eMw,Mikey Ambrose,85444.0,-0.03559001436502762
2023,aDQ0a8plME,Raymon Gaddis,230000.0,-0.035615776739872436
2023,7VqG08vjQv,David Ayala,395000.0,-0.03581382392574027
2023,e7MzZozPMr,Jojea Kwizera,65500.0,-0.035852863220753546
2023,315VXpO9Q9,Ahmed Hamdi,572500.0,-0.035922705282967815
2023,xW5prjd6Qg,Chris Odoi-Atsem,151000.0,-0.03602335436305976
2023,9z5kb3yPMA,Déiber Caicedo,331125.0,-0.03607541805132082
2023,7vQ7J9k2qD,Noble Okello,126815.0,-0.03612656258578994
2023,KXMe8YjPQ6,Edwin Mosquera,337000.0,-0.036154250541623995
2023,odMX70VAQY,Calvin Harris,100444.0,-0.03647847454291539
2023,zeQZ7z3zMK,Ben Reveno,65500.0,-0.036580039224525886
2023,odMXR4waqY,Kemar Lawrence,482500.0,-0.03670327406881799
2023,ljqE2vBzQx,John Nelson,73500.0,-0.03722710889419089
2023,Xj5Y9bmX5b,Moussa Djitté,550000.0,-0.0372694331785602
2023,KXMe8jYxQ6,Serge Ngoma,85451.0,-0.03731695785610321
2023,Xj5Y6n4Gqb,Sergio Ruiz,613000.0,-0.03731883159624613
2023,eV5DzJgOQK,Caleb Wiley,67100.0,-0.03735966523845352
2023,Oa5wVBw8M1,Jason Pendant,400750.0,-0.03743175206201009
2023,9vQ2Zx1xQK,Azaad Liadi,179000.0,-0.03753204802281675
2023,Pk5L6BzZQO,Micael,179000.0,-0.037707748996334764
2023,Pk5L1BXPqO,Júnior Urso,780000.0,-0.03793212781137286
2023,KPqjKbg2Q6,Paxten Aaronson,111500.0,-0.0380155717153325
2023,gOMnRzp8Mw,Jacori Hayes,199833.0,-0.0381988312545405
2023,OlMl9NoE5L,Nuno Santos,561387.0,-0.038386817952170076
2023,4wM4J8bNqj,Owen Wolff,78553.0,-0.038530665452263066
2023,eV5DL9aZ5K,Luca Petrasso,70012.0,-0.038714842523027586
2023,315V7EGvq9,Ismael Koné,68125.0,-0.03880513249653132
2023,jYQJanvVqG,Daniel Edelman,91582.0,-0.038941792855538
2023,kRQaerljQK,Jack Lynn,65500.0,-0.03896642107939601
2023,KXMe8gorQ6,Javier Casas,85900.0,-0.03914706697583361
2023,eV5DL1xR5K,Sean Zawadzki,89000.0,-0.0391566269148361
2023,eV5Dk7vaMK,Max,293360.0,-0.03916439822761415
2023,gjMNRVXYMK,Silvester van der Water,349750.0,-0.03919870002374253
2023,vzqor7PL5a,Arnór Ingvi Traustason,438405.0,-0.039422131824455184
2023,9z5kakyJQA,Tyler Pasher,165381.0,-0.03951596488437095
2023,jYQJnAGQGR,Jonathan Bornstein,330000.0,-0.03957200585712668
2023,NPqxeJ4kQ9,Allan Cruz,1254000.0,-0.03985766670527917
2023,7VqG0dN3Qv,Isaac Atanga,364000.0,-0.039899204011116816
2023,7VqGj3RA5v,Samuel Piette,429750.0,-0.03992164189293165
2023,7VqG08wXQv,Wikelman Carmona,69474.0,-0.03994893863219782
2023,2lqRkYZnQr,Bryan Acosta,706667.0,-0.0402621988114011
2023,gpMOoLXyMz,Mender García,322313.0,-0.0403385023220567
2023,0Oq63lbzQ6,Themi Antonoglou,65500.0,-0.04034060821290581
2023,4JMAoJNkqK,Jonathan Perez,171750.0,-0.04035497113520257
2023,vzqodkKBQa,Zorhan Ludovic Bassong,137500.0,-0.040656195791136045
2023,jYQJNEyQGR,Haris Medunjanin,248750.0,-0.040667829869479186
2023,gpMOag9Dqz,Michael Estrada,425700.0,-0.04068435010983114
2023,XVqKYp2DM0,Yuya Kubo,1206750.0,-0.04077731809367917
2023,7VqGjBpz5v,Jared Stroud,84000.0,-0.04096722902811892
2023,aDQ0PA8lQE,Ayo Akinola,671875.0,-0.041223115575195056
2023,9vQ2dZE15K,Will Bruin,260000.0,-0.04144468960562921
2023,9YqdY2mRQv,Mathieu Choinière,134238.0,-0.04145470114744119
2023,NWMWL3XK5l,Aké Arnaud Loba,1491480.0,-0.04148230438663592
2023,aDQ0P4rWQE,Jhegson Méndez,636750.0,-0.04150616590296109
2023,vzqodDnvQa,Rida Zouhir,92431.0,-0.041737374422257875
2023,vzqod90kQa,Andres Jasson,117144.0,-0.04190074740609738
2023,e7MzKKJ5r0,Jan Gregus,655000.0,-0.04192618457009418
2023,Oa5wA7V4Q1,Róbert Orri Thorkelsson,173500.0,-0.04197377706147457
2023,XVqKejrWM0,Sebastian Anderson,106667.0,-0.04205137832594279
2023,ljqEjjZkQx,Nicolás Mezquida,84000.0,-0.04207235075218428
2023,KXMe87ZPQ6,Ralph Priso-Mbongue,89195.0,-0.04216425935693152
2023,vzqo70PBqa,Amar Sejdic,85444.0,-0.04234584561473501
2023,0x5g2KPRM7,Matt Real,105000.0,-0.04241814387003356
2023,gOMnlGZmqw,Mohamed Farsi,75333.0,-0.042705015666116626
2023,0Oq6wjLrQ6,Jake Mulraney,338777.0,-0.04272660580425169
2023,a35rKA2AqL,Mauricio Pineda,248875.0,-0.042810844709419725
2023,9YqdogzE5v,Rodney Redes,412500.0,-0.04295614106900279
2023,0Oq630dXQ6,Kevin Cabral,1650000.0,-0.042978431150144276
2023,KAqB9ryV5b,Stanislav Ivanov,359000.0,-0.04313130821227482
2023,EGMPZ36rqa,Luke Haakenson,84000.0,-0.04319951835728751
2023,xW5pw0RGMg,Nabilai Kibunguchy,66724.0,-0.04341883715269161
2023,jYQJzpAkQG,Brandt Bronico,134330.0,-0.04352103910008553
2023,a35rydwBML,Harrison Robledo,86391.0,-0.04356249799304394
2023,EGMPZpX6qa,Nnamdi Chinonso Offor,209396.0,-0.043572431448742614
2023,9vQ2Zrj1QK,Ifunanyachi Achara,84000.0,-0.04364016896785458
2023,KAqBwAWQbg,Sacha Kljestan,84000.0,-0.04374060032130902
2023,gpMOoOpOMz,Bryce Duke,122000.0,-0.04393693706999825
2023,gpMOaDz1qz,Joey Dezart,89716.0,-0.04401397133199678
2023,NWMWVjaDQl,Rubio Rubín,582937.0,-0.0440211344559312
2023,XVqKWZp2q0,Felipe Hernandez,119153.0,-0.044413758844814806
2023,0x5gLpbwq7,Caden Clark,331850.0,-0.04449659614602015
2023,9YqdokXR5v,Jhon Espinoza,242500.0,-0.044509514856608076
2023,zeQZjOxDQK,Machop Chol,65500.0,-0.04468301711434191
2023,9vQ2ZNGLQK,Benjamin Bender,83000.0,-0.04475586846825026
2023,BLMv7a2A5x,Michael Halliday,99447.0,-0.04479485806462943
2023,a35rK94AqL,Corey Baird,471031.0,-0.04498376840137795
2023,4wM4JDRzqj,Harvey Neville,65500.0,-0.045068597889906616
2023,gjMNvg3KMK,Luis Martins,329000.0,-0.045206273676755074
2023,4wM4aBOp5j,Mohammed Adams,150000.0,-0.04590363036562993
2023,EGMP1jAA5a,Frankie Amaya,381406.0,-0.04629459993287978
2023,0Oq632k7Q6,Danny Leyva,129423.0,-0.046416274722732166
2023,0Oq6l8YgM6,Romain Métanire,819250.0,-0.04642908388482828
2023,zeQZJxR1QK,Eric Miller,168000.0,-0.04660376867286418
2023,eVq3jYZv5W,Derrick Jones,207969.0,-0.04691433663568864
2023,KAqBNnrVqb,Jesús Bueno,155378.0,-0.04698977043972014
2023,KXMeO1kXq6,Gedion Zelalem,84000.0,-0.04718985474426187
2023,Vj58BzJ4Q8,Matías Vera,622812.0,-0.04731976136431815
2023,zeQZjOPjQK,Daniel Aguirre,66724.0,-0.047758560902064456
2023,7vQ7rPpOqD,Russell Canouse,515000.0,-0.04785614060327253
2023,xW5pKvlMg1,Gonzalo Higuaín,5793750.0,-0.04794599289374164
2023,2lqR7aKLQr,Jake Davis,179000.0,-0.04824752050854542
2023,9vQ2dRnL5K,Adrien Hunou,2687700.0,-0.04860272512595486
2023,p6qbomNwQ0,Caio Alexandre,562500.0,-0.04864611055915251
2023,KXMe3y6vq6,Brooklyn Raines,83563.0,-0.048672537199049036
2023,p6qbgzx4Q0,Jasper Löeffelsend,84000.0,-0.04917019977212397
2023,odMXEazG5Y,Esmir Bajraktarevic,71559.0,-0.049170627336144405
2023,Vj58WX4JM8,Quinn McNeill,65500.0,-0.04959735354021746
2023,0Oq6w947Q6,Michael Baldisimo,109292.0,-0.04962242117551685
2023,9vQ22Ap9QK,George Acosta,65500.0,-0.04963423957439644
2023,jYQJa30DqG,Joseph Rosales,65500.0,-0.04979605918685538
2023,XVqKeYLNM0,Joshua Atencio,88557.0,-0.04989852500075177
2023,XVqKWGw2q0,Facundo Quignón,840627.0,-0.05017829603912356
2023,jYQJaXjkqG,Jordy Alcívar,325600.0,-0.050301547242687525
2023,gjMNv7PpMK,Aníbal Godoy,871250.0,-0.050998347068835846
2023,aDQ0NNWE5E,Christopher Hegardt,73012.0,-0.05104969678175918
2023,N6Mm7DkwqE,Emerson Hyndman,657143.0,-0.0514695690809496
2023,e7Mzlop7qr,Kalil ElMedkhar,66724.0,-0.05159875401229587
2023,315V7zn7q9,Sofiane Djeffal,65500.0,-0.05163996639688471
2023,Vj58WNDrM8,Obed Vargas,74531.0,-0.05165023749961642
2023,9vQ2kxaMK6,Collen Warner,84000.0,-0.05168750795118092
2023,9Yqd6zYOMv,Steffen Yeates,179000.0,-0.052528839014378485
2023,Pk5LemYYqO,Adam Saldana,95447.0,-0.0525549284483739
2023,NWMWV93KQl,Joaquín Torres,279800.0,-0.05273734676675989
2023,EGMPn164qa,Wilder Cartagena,280250.0,-0.052934442559900305
2023,eVq3x19vQW,Daniel Crisostomo,179000.0,-0.05334347043261474
2023,2vQ14B6Kqr,José Andrés Martínez,276250.0,-0.053554994713667585
2023,9YqdobRm5v,Maciel,69902.0,-0.05448638643878969
2023,N6MmorYxqE,Aidan Morris,172000.0,-0.05455778517361384
2023,eVq3j1dD5W,Eric Remedi,450000.0,-0.05513351164324999
2023,Vj58BZ74Q8,Drew Skundrich,89513.0,-0.05525411998746334
2023,kRQaoNZj5K,Miguel Berry,120000.0,-0.05565424704374455
2023,wvq9pBZm5W,Oriol Rosell,475000.0,-0.055687415520557663
2023,NWMWVgnDQl,Wilfrid Kaptoum,582500.0,-0.05577174425460306
2023,XVqKelKaM0,Benji Michel,121303.0,-0.05583288338985791
2023,KXMeO4D6q6,Christian Ortíz,300000.0,-0.05590782850653704
2023,9vQ2dAKY5K,Sean Davis,637500.0,-0.05623762780922322
2023,N6MmepZxME,Jhojan Valencia,400125.0,-0.05658873106648619
2023,xW5prbllQg,Artur,615633.0,-0.0569315624672692
2023,NWMWlEAD5l,Edwin Cerrillo,145000.0,-0.057682176023136064
2023,e7MzJ3m6Mr,Federico Navarro,277504.0,-0.057948485119249986
2023,EGMPlymjMa,Javier López,860000.0,-0.05838554717066888
2023,0x5gLm2bq7,Jackson Hopkins,65833.0,-0.059472865275541735
2023,KPqjK0kYQ6,Steven Sserwadda,65500.0,-0.06001147200634801
2023,7vQ7xgKOMD,Sergio Oregel Jr,65500.0,-0.06057683630431321
2023,gpMOoOjEMz,Justin Haak,85444.0,-0.060716692264894165
2023,wvq9bOBQWn,Felipe,84000.0,-0.06072386856386465
2023,zeQZJX6KQK,Victor Ulloa,250000.0,-0.06233008866068664
2023,zeQZXr4g5K,Franco Ibarra,520000.0,-0.0625030151337512
2023,2lqRRvNxqr,Scott Caldwell,205000.0,-0.06269349318979105
2023,7vQ7rYLOqD,George Fochive,84000.0,-0.06291364310541968
2023,2lqRjL12qr,Brandan Craig,97825.0,-0.06387989288018754
2023,vzqo71lNqa,Nick Besler,210000.0,-0.06393132880853311
2023,Vj58WzzJM8,Leonard Owusu,401250.0,-0.06408374938601244
2023,NWMWlX6K5l,Andrés Perea,248500.0,-0.0664010500407281
2023,p6qbenoB50,Ethan Finlay,350000.0,-0.06742073679754232
2023,gpMOaajrqz,José Mauri,179000.0,-0.06826817787176853
2023,0Oq6wxj6Q6,Judson,425000.0,-0.07311214036881207
2023,gpMOzd8rQz,Everton Luiz,570833.0,-0.07361810864502162
2023,0x5gPK4Xq7,Darwin Cerén,240000.0,-0.07410834641529214
2023,KAqB9KxB5b,Tah Brian Anunga,176000.0,-0.07613050188925426
2023,0x5gPGKPq7,Remi Walter,800000.0,-0.08166855629837669
2023,aDQ0PjnGQE,Tommy McNamara,240000.0,-0.08488724397555525
2023,0Oq6lLZgM6,Maximiliano Urruti,661250.0,-0.08852634805515716
2023,BLMvlPy3qx,Russell Teibert,449375.0,-0.08916870432610205
2023,NWMWVA9NQl,Khiry Shelton,350000.0,-0.09476225621745313
2023,OlMle0OR5L,Leon Flach,263750.0,-0.10011586051862369
