season_name,player_id,player_name,guaranteed_compensation_1,offensive_goals_added_90_proj,offensive_goals_added_90_marcel,offensive_goals_added_combo
2023,vzqorrRk5a,Carles Gil,3545830.0,0.1215171459524043,0.1424697646102342,0.13199345528131926
2023,NWMWnVEQlz,Lorenzo Insigne,14000000.0,0.18509810489841128,0.0389659319746129,0.11203201843651209
2023,Oa5wY8RXQ1,Hany Mukhtar,1926250.0,0.10888688657523272,0.1126641097010384,0.11077549813813556
2023,4JMA9R42MK,Adam Buksa,1106250.0,0.04824403496348979,0.1475332240652028,0.09788862951434629
2023,Oa5wVzeWM1,José Cifuentes,411750.0,0.07134437008493281,0.1196598942018106,0.0955021321433717
2023,eV5D9A9qKn,Sebastián Blanco,1708000.0,0.05723218554693067,0.1151304200093062,0.08618130277811845
2023,gpMOa0lnqz,Luiz Araújo,4480330.0,0.06716288044981238,0.0988482191859438,0.08300554981787808
2023,EGMPVykqaY,Andreu Fontàs,1125000.0,0.07493990131463436,0.0904375273275396,0.08268871432108699
2023,kRQabvYbMK,Walker Zimmerman,2345210.0,0.08022255090525997,0.0803333295243365,0.08027794021479823
2023,Pk5LedyLqO,Thiago Almada,2332000.0,0.09621159503546248,0.0634624559959224,0.07983702551569244
2023,315VXoL7Q9,Emanuel Reynoso,1066910.0,0.06480308454460414,0.0805662395141539,0.07268466202937901
2023,KAqBrrVqbg,Darwin Quintero,661250.0,0.029834356798969633,0.1141018797101892,0.07196811825457941
2023,Pk5LgAwOMO,Juan Hernández,2886000.0,0.0719749564306293,0.0610588268735564,0.06651689165209285
2023,ljqE2VkOQx,Luciano Acosta,2222850.0,0.07056399752836738,0.0622804078211399,0.06642220267475364
2023,eV5DWXJMKn,Chicharito,7443750.0,0.058664073026511096,0.0698750621458301,0.0642695675861706
2023,p6qbOeRXQ0,Jordan Morris,1370100.0,0.031927856208798636,0.0959061255085411,0.06391699085866986
2023,odMXRxV2qY,Denis Bouanga,2083330.0,0.048478063015119935,0.0787620016270313,0.06362003232107562
2023,Oa5wJkgM14,Carlos Vela,4050000.0,0.03802628531221761,0.0890217293979242,0.06352400735507091
2023,7VqGj7ee5v,Lassi Lappalainen,540000.0,0.03674666881521267,0.0863109497760432,0.061528809295627936
2023,gjMNReABMK,Marcelino Moreno,568333.0,0.03286715125385654,0.0829338083211551,0.057900479787505815
2023,KXMeklJ1q6,Valentín Castellanos,1076000.0,0.03466722560131395,0.0805831523635271,0.05762518898242053
2023,kRQa22abMK,Bill Tuiloma,304450.0,0.04126238057516643,0.0710702766320497,0.05616632860360807
2023,2vQ14d4xqr,Riqui Puig,1695000.0,0.03951384930997727,0.0704961510432373,0.05500500017660728
2023,2lqRk1raQr,Kamal Miller,345000.0,0.059757384302668415,0.0474058170539684,0.05358160067831841
2023,315VXPJEQ9,Julio Cascante,337500.0,0.05576969681728465,0.0501258091051389,0.05294775296121178
2023,a35rlRnwQL,Francisco Calvo,925937.0,0.04322312601013482,0.0609810052268971,0.052102065618515964
2023,wvq90Ym5Wn,Xherdan Shaqiri,8153000.0,0.0981998525303725,0.0059638458800446,0.05208184920520855
2023,gpMOz1KyQz,Diego Rubio,629583.0,0.04725380486762402,0.0543818171985745,0.050817811033099264
2023,gOMnRPxXMw,Michael Barrios,680000.0,0.02228108810165879,0.0778375584516149,0.05005932327663684
2023,KPqjzJ2q6v,Maximiliano Morález,1300000.0,0.039520731971541455,0.0604339733184158,0.04997735264497863
2023,2lqRk3lnQr,Keaton Parks,500000.0,0.0017685241273685242,0.0930417014655591,0.04740511279646381
2023,9vQ22nALQK,Daniel Ríos,251500.0,0.021503048770033027,0.0709480381291518,0.04622554344959241
2023,KXMe4l1Q64,Alejandro Bedoya,1110000.0,0.03606192910651897,0.0560897229990034,0.046075826052761185
2023,OlMl9jG05L,Cory Burke,450770.0,0.017049412716876045,0.074955657967671,0.04600253534227352
2023,vzqorjWv5a,Alexander Callens,814000.0,0.05171261557630817,0.039666885859808,0.045689750718058086
2023,aDQ0PwXWQE,Efrain Álvarez,712167.0,0.018212320216149366,0.0713841410312705,0.04479823062370993
2023,Oa5wAaRjQ1,Talles Magno,1198000.0,0.030532632962196708,0.0584005218372515,0.04446657739972411
2023,wvq9pAjl5W,Ryan Hollingshead,393750.0,0.0296262177278672,0.058471661291738,0.0440489395098026
2023,9z5ka8adQA,Ryan Gauld,2265000.0,0.029209504202142876,0.058463169830842,0.043836337016492435
2023,gOMnYZnAQw,Mamadou Fall,118750.0,0.031090245948764993,0.0559273996477749,0.043508822798269946
2023,e7Mz9GBOQr,Mikael Uhre,1666250.0,0.03411998738799422,0.0524104413683845,0.04326521437818936
2023,eVq3xXL6QW,Brian Rodríguez,1144800.0,0.010714445857182996,0.0748853163028647,0.04279988108002385
2023,KPqjoVdYQ6,Romell Quioto,885000.0,0.020249714978110137,0.0602899678702476,0.04026984142417887
2023,e7MzZprjMr,William Agada,246875.0,0.014985030409069131,0.0643862483666453,0.03968563938785722
2023,gOMnR0wlMw,Julian Gressel,969781.0,0.035650822533363574,0.041860298354346,0.03875556044385479
2023,0Oq6wv26Q6,Jonathan Lewis,435000.0,0.013463719911313553,0.0639486456206976,0.03870618276600558
2023,KAqB9bKv5b,Joel Waterman,133909.0,0.0424569134928467,0.0348053171031058,0.03863111529797625
2023,KPqjKkPNQ6,Brandon Bye,343813.0,0.03748266310706887,0.039731251460799,0.03860695728393393
2023,KAqB9XzA5b,Alan Franco,667500.0,0.04068710655964386,0.031819511469978,0.03625330901481093
2023,aDQ0PnvBQE,Djordje Mihailovic,751875.0,0.01998627849528173,0.0522504431018474,0.036118360798564564
2023,gjMNrbKMKp,Christian Benteke,4182780.0,0.0421888084311448,0.0296253420225741,0.03590707522685945
2023,gOMn6oPAMw,Federico Bernardeschi,6256320.0,0.0673074781036246,0.003016007141213,0.0351617426224188
2023,N6MmoXVxqE,Santiago Rodríguez,612500.0,0.025861437230630502,0.0400804708879864,0.03297095405930845
2023,9Yqd6yrkMv,Sergio Santos,918500.0,0.007201572127529915,0.0576894881166717,0.03244553012210081
2023,315VXyJXQ9,Andrew Gutman,331250.0,0.026526415665879592,0.036962079799455,0.03174424773266729
2023,BLMvlgGAqx,Alex De John,85444.0,0.017311145455580476,0.0454031437679631,0.03135714461177179
2023,Oa5wYKEXQ1,João Paulo,1283330.0,0.004874395841186005,0.0557939164915474,0.030334156166366703
2023,zeQZJ7YgQK,Rudy Camacho,554000.0,0.03734139673117229,0.0221348149887109,0.029738105859941594
2023,eVq3YXGMWO,Danny Wilson,354750.0,0.024044857894953947,0.0347822426350132,0.029413550264983573
2023,vzqozAB5ap,Gustavo Bou,2675000.0,0.027774244904529177,0.0305769306349236,0.02917558776972639
2023,eVq3jyYV5W,Justen Glad,735031.0,0.030867182514817522,0.0269728934809681,0.028920037997892813
2023,KXMekOprq6,Sebastián Driussi,2317000.0,0.023770876190491806,0.033822775486829,0.028796825838660403
2023,0Oq6ENn256,Danny Musovski,93988.0,-0.011474597292338226,0.0680127997251671,0.02826910121641444
2023,raMyAZR2Md,Cristian Roldan,981542.0,0.01586155342684724,0.0403264954240248,0.02809402442543602
2023,eVq3xeNXQW,João Moutinho,263000.0,0.02976688667114704,0.0254240754187687,0.02759548104495787
2023,Vj58lyym58,Emerson Rodríguez,350500.0,-0.0027327490268157627,0.0572011029807635,0.02723417697697387
2023,Vj58zZ2Q8n,Michael Bradley,1500000.0,0.017115073509711178,0.0370247916904205,0.02706993260006584
2023,kRQay0LQKZ,Andy Najar,375000.0,0.014036805941465327,0.0397752266481646,0.026906016294814965
2023,4JMAaRwPMK,Héctor Herrera,5246880.0,0.033972877508707186,0.0192019555830758,0.026587416545891494
2023,KAqB49JMbg,Gareth Bale,2386670.0,0.008766307333496643,0.0436064116885977,0.02618635951104717
2023,p6qbOD1bQ0,Eddie Segura,224000.0,0.007751464378555015,0.0437187235557721,0.025735093967163558
2023,NWMWXylK5l,Matt Hedges,900000.0,0.02535485772918355,0.0255465752933129,0.025450716511248223
2023,a35rKGpLqL,Dániel Sallói,506667.0,0.012634249248439906,0.0368224383296139,0.024728343789026903
2023,ljqE83Y5x0,Anton Tinnerholm,800000.0,-0.0025852892200438713,0.0509378921587128,0.024176301469334464
2023,2vQ1LYxbqr,Paul Arriola,1130000.0,0.015346312841464779,0.0325815959093051,0.02396395437538494
2023,4JMAam67MK,Taxiarchis Fountas,1646000.0,0.02127585062814627,0.026407468540394,0.023841659584270133
2023,2vQ1Nv7LMr,Rándall Leal,965000.0,0.021685662298956396,0.0254636984305242,0.023574680364740298
2023,KAqB9DZX5b,Richie Laryea,1276740.0,0.009753486569735919,0.0356759579966458,0.02271472228319086
2023,9z5k7rej5A,Brandon Vázquez,517500.0,0.026900570391653028,0.018192594335114,0.022546582363383513
2023,BLMvzKKjMx,Andrew Brody,215678.0,0.020416040280183748,0.0245575347458124,0.022486787512998076
2023,9vQ229oLQK,Erik Thommy,1306250.0,0.00600247376217483,0.0388999364518195,0.022451205106997166
2023,Xj5Y6ldEqb,José Antonio Martínez,723000.0,0.02574006277985376,0.0179420266582784,0.02184104471906608
2023,KPqj7daPQ6,DeJuan Jones,370000.0,0.024571365708584203,0.0185554573314451,0.021563411520014654
2023,XVqKeYOKM0,Kai Wagner,581000.0,0.02181104989792878,0.0209599260769422,0.02138548798743549
2023,p6qb0L4M0G,Ruben Gabrielsen,950000.0,0.0279069454636737,0.0144951268739742,0.02120103616882395
2023,gOMnBnmMwN,Johnny Russell,2000000.0,0.008010391130601082,0.0341442748914327,0.021077333011016892
2023,eVq3apWvMW,Pedro Santos,687500.0,0.017658536151488533,0.0237947891748542,0.020726662663171365
2023,Oa5wYLD9Q1,Robin Jansson,581250.0,0.017043340447675907,0.0242572336670675,0.020650287057371704
2023,N6Mm78LWqE,Rafael Czichos,1336670.0,0.026084126539631373,0.014451466395,0.020267796467315687
2023,2vQ1XX0qrA,Domenico Criscito,1510000.0,0.019029515525086964,0.0205790685022946,0.019804292013690782
2023,OlMl9GgN5L,Nathan,691250.0,0.02421487333969234,0.0153024760976999,0.01975867471869612
2023,KAqBjWZBqb,Jonathan Osorio,1026250.0,0.008840427602469633,0.0299868716688864,0.019413649635678015
2023,jYQJ129ZqG,Boris Sekulic,668900.0,0.009955323133083735,0.0288368598356427,0.019396091484363217
2023,e7Mz913GQr,Aaron Long,1080000.0,0.012948331941392164,0.0247650788209688,0.01885670538118048
2023,jYQJa3zDqG,Jhon Durán,167000.0,0.004572699202952829,0.0327168575463193,0.018644778374636062
2023,XVqKeBkKM0,Jacob Shaffelburg,136500.0,-0.0035914604874416924,0.0398035044116616,0.018106021962109954
2023,Xj5Y8R7AMb,Cristian Arango,683000.0,0.005746459185402028,0.0299081217988701,0.017827290492136064
2023,p6qbeZ1p50,Robin Lod,952496.0,0.014910472247245172,0.0206325258598396,0.017771499053542385
2023,Pk5L1Gk7qO,Carlos Salcedo,2351000.0,0.03022560029366806,0.0049992873388643,0.01761244381626618
2023,wvq9gPmNMW,Jack Elliott,793750.0,0.021221263651918204,0.0132720128014768,0.017246638226697503
2023,NPqxmgXkQ9,Daniel Steres,468750.0,0.010985764357495814,0.0233754668353576,0.017180615596426706
2023,aDQ0avK3ME,Steve Birnbaum,762500.0,0.011593449692783404,0.0223827618667673,0.016988105779775352
2023,wvq9gNglMW,Thomas Edwards,422481.0,0.01988430763987542,0.0133718675885172,0.01662808761419631
2023,OlMleawP5L,Carlos Terán,255440.0,0.012739334944190309,0.0198415183686514,0.016290426656420855
2023,gpMOpB15zy,Fredy Montero,110000.0,-0.005215992663982594,0.0374520796818097,0.016118043508913552
2023,zeQZX6OY5K,Diego Palacios,510000.0,0.021745628432998952,0.0102296471500315,0.015987637791515227
2023,4wM4JmKAqj,Santiago Moreno,344576.0,0.014360255490709057,0.0175571268200289,0.01595869115536898
2023,vzqorGW75a,Gastón Brugman,1409000.0,0.00699167820863311,0.0247027013044823,0.015847189756557706
2023,gpMOorbDMz,Juan Sánchez,483500.0,0.01908426121271875,0.0124559848157643,0.015770123014241525
2023,vzqo7joZqa,Teenage Hadebe,1179180.0,0.01728542345718101,0.0140888595345488,0.015687141495864906
2023,a35rK9XoqL,Jefferson Savarino,2224290.0,0.026746338953308302,0.0042038933366869,0.015475116144997601
2023,jYQJzWGyQG,Miles Robinson,737500.0,0.0055159870014850464,0.0252080144229223,0.015362000712203672
2023,2vQ1N6yLMr,Giacomo Vrioni,1747500.0,-0.0014348841238791387,0.031058554346289,0.01481183511120493
2023,0x5gvyXM7O,Jonathan Mensah,1140670.0,0.012776870154555956,0.0166674957953865,0.014722182974971229
2023,xW5prK4BQg,Ariel Lassiter,230280.0,-0.0015388630573762944,0.0296193800091896,0.014040258475906654
2023,jYQJa7wWqG,Gabriel Pereira,624500.0,0.005378576503976102,0.0223893009726453,0.0138839387383107
2023,gOMnR0BmMw,Erik Holt,125000.0,0.0008268360381217012,0.0267871781684269,0.0138070071032743
2023,KAqBNEpWqb,Leonardo Campana,135680.0,0.0036637527590484744,0.0238551613295925,0.013759457044320487
2023,Pk5Lgax7MO,Robbie Robinson,185000.0,-0.0025395163332916307,0.0295935682151558,0.013527025940932084
2023,2lqRRZy2qr,Ilie Sánchez,1150000.0,-0.0003032121424962758,0.0263136286251412,0.013005208241322463
2023,a35rKYrAqL,Aaron Herrera,795220.0,0.014610131332168338,0.0097679765711499,0.012189053951659118
2023,vzqo4GNQap,Graham Zusi,450000.0,-0.00028380727193142753,0.0241056764281557,0.011910934578112136
2023,KAqBjYjvqb,Derrick Williams,821458.0,0.012437564502568397,0.0113473226454763,0.01189244357402235
2023,eVq3zwj5WO,Christian Fuchs,375000.0,0.008065826973626471,0.0153087476381399,0.011687287305883184
2023,2lqRk3NWQr,Kyle Duncan,293610.0,0.002689300345340215,0.0206051675878536,0.011647233966596907
2023,vzqo71rBqa,Auston Trusty,890292.0,0.014363800890135314,0.0088222538434253,0.011593027366780306
2023,odMXRLKWqY,Claudio Bravo,323310.0,0.020864391995216156,0.0011422535335484,0.011003322764382277
2023,XVqKYWG2M0,Alejandro Pozuelo,4693000.0,0.019625084136797866,0.0018827486275177,0.010753916382157783
2023,Xj5Y44KGMb,Adilson Malanda,278083.0,0.00917902017297577,0.0121396233008794,0.010659321736927584
2023,OlMlnxlDqL,Tristan Blackmon,401208.0,0.009144108022173586,0.011096977427831,0.010120542725002294
2023,jYQJ1PaVqG,Antônio Carlos,925000.0,0.008605729468993873,0.011260343783999,0.009933036626496437
2023,vzqo7j3Jqa,Niko Hansen,219400.0,-0.021549077944587613,0.0404269930291335,0.009438957542272945
2023,jYQJaaBdqG,Jack McGlynn,91400.0,-0.013393184493674696,0.0305476501703918,0.008577232838358553
2023,9z5k71be5A,Dave Romney,475000.0,0.012176566109785842,0.0049420811043285,0.00855932360705717
2023,4wM42Belqj,Marco Delgado,726250.0,0.007209165669904297,0.0087706653828302,0.007989915526367249
2023,XVqKejm0M0,John Tolkin,105000.0,0.01136450863494549,0.0040996518199438,0.007732080227444644
2023,0x5gXlrq7O,Roger Espinoza,300000.0,-0.009566937512391075,0.0235916173331904,0.007012339910399663
2023,raMyyJaAMd,Paul Marie,156375.0,2.6522871922332256e-05,0.0138688601612098,0.006947691516566066
2023,2lqRpEnMr0,Franco Jara,3227000.0,0.0006411323352263285,0.0126835704058244,0.006662351370525364
2023,jYQJamlEqG,Bongokuhle Hlongwane,580000.0,0.0037801031142083007,0.0082214721071605,0.0060007876106844
2023,zeQZJaarQK,Erik Godoy,550000.0,-0.0006221591759801616,0.0123268259086996,0.005852333366359719
2023,gjMNvrO4MK,Steven Moreira,632708.0,0.006500824409234574,0.0051790241965331,0.005839924302883837
2023,0x5gP3gXq7,Matt Miazga,1464000.0,0.011688884202151478,-0.0001097333418984,0.005789575430126539
2023,Vj58WXb2M8,Olivier Mbaizo,367343.0,-0.004784126747122898,0.0154296917957627,0.005322782524319901
2023,EGMPlOjkMa,Felipe Mora,955000.0,-0.024169829223718572,0.0340083356840722,0.004919253230176815
2023,xW5pro36Qg,Sergio Córdova,696000.0,0.0003469603028723126,0.0087309158514112,0.004538938077141757
2023,KXMekg02q6,Xavier Arreaga,700000.0,0.011666629759261611,-0.0028599852144959,0.004403322272382855
2023,wvq9eY8YqW,Robert Voloder,427860.0,0.00017985237967864907,0.0085289836756634,0.004354418027671025
2023,eVq3jJV65W,Sega Coulibaly,457000.0,0.004232589404534399,0.0043951766552653,0.004313883029899849
2023,aDQ0NjkG5E,Gabriele Corbo,120192.0,0.0004354518605261936,0.0078612644006771,0.004148358130601647
2023,9z5karAKQA,Nick Hagglund,84000.0,-0.0008163551087281753,0.0087967272300359,0.003990186060653863
2023,xW5pxRGB5g,Thiago Martins,1962000.0,0.013739327003439028,-0.0058391990968468,0.003950063953296114
2023,0Oq6bAPq6D,Douglas Costa,4508330.0,0.026058188442328968,-0.0182005202399245,0.003928834101202233
2023,9vQ22jRLQK,Daniel Lovitz,498750.0,0.0012205868113052461,0.0062989472743402,0.003759767042822723
2023,0Oq63JA7Q6,Wyatt Omsberg,157000.0,0.006802288255263586,0.0004630048058709,0.003632646530567243
2023,2lqRknk2Qr,Yeimar Gómez Andrade,719092.0,0.0063854024687528665,0.0001277117688091,0.003256557118780983
2023,eVq3Z3D5WO,Giorgio Chiellini,1075000.0,-0.003043295529689377,0.0093974936791275,0.0031770990747190617
2023,KAqBNL8mqb,Nathan Harriel,107500.0,-0.0013325911150605906,0.0058192657984014,0.002243337341670405
2023,wvq9p10l5W,Yimmi Chará,1803000.0,0.005737297890827138,-0.0014994730911226,0.002118912399852269
2023,eV5D0G2Z5K,Alvas Powell,167000.0,-0.003003917573956313,0.0071014711386059,0.0020487767823247935
2023,7VqGjZZA5v,Brent Kallman,168000.0,-0.006282758835368633,0.0100271222113627,0.0018721816879970331
2023,XVqKeEmBM0,Facundo Torres,953200.0,0.008939598625616252,-0.0055363225801908,0.001701638022712726
2023,raMyAZyBMd,Nicholas DePuy,231000.0,8.354909160506949e-05,0.0027714493582284,0.0014274992249167348
2023,2lqRkPknQr,Tommy Thompson,280000.0,-0.017235027128474818,0.0200767887374972,0.0014208808045111914
2023,0x5g2xoXM7,Raheem Edwards,307500.0,0.0011210923880415388,0.0008591101484272,0.0009901012682343694
2023,wvq9p9y15W,Alan Benítez,437250.0,-0.014446568887309183,0.0163187818141453,0.000936106463418059
2023,odMXRO3xqY,Lalas Abubakar,272125.0,0.0016438642734952057,8.020622174905642e-05,0.0008620352476221311
2023,Xj5Y6bvaqb,Rayan Raveloson,855025.0,-0.014026844096168983,0.0156856516899008,0.0008294037968659095
2023,BLMvXJOqxe,Shea Salinas,280000.0,-0.030804255375582172,0.0317943847417839,0.000495064683100864
2023,gOMn66nAMw,Alexander Ring,1640000.0,-0.0027693608126150918,0.0037203411150286,0.0004754901512067542
2023,315Vz8n59x,Ola Kamara,1520000.0,-0.001276511342724036,0.0019684968556592,0.000345992756467582
2023,ljqEj8WNQx,Andrew Farrell,443750.0,0.006497901823544023,-0.0065438853144222,-2.299174543908848e-05
2023,OlMlrpyAqL,Lucas Cavallini,1462500.0,-0.004810873595275322,0.0034809555494972,-0.0006649590228890612
2023,9YqdoZeR5v,Alistair Johnston,445625.0,0.0012989054963531508,-0.0027503706656112,-0.0007257325846290246
2023,odMX7aKWQY,Marinos Tzionis,612500.0,-0.012409908515991679,0.0102026451359684,-0.0011036316900116397
2023,eV5DL18a5K,Jakob Glesnes,739063.0,-0.003120221189404731,0.0007916625082524,-0.0011642793405761654
2023,BLMv7ZBA5x,Álvaro Barreal,350000.0,0.0010406374633081684,-0.003568778755813,-0.001264070646252416
2023,ljqE2eaAQx,Guzmán Corujo,633500.0,0.0011145469717566883,-0.0037819771912989,-0.001333715109771106
2023,4JMAoJgYqK,Cade Cowell,635364.0,-0.007461606464717826,0.0046561087157717,-0.001402748874473063
2023,Xj5YLGRGMb,Javain Brown,97481.0,0.0007769623628128483,-0.003750240428069,-0.001486639032628076
2023,2lqRR8gnqr,Jean Mota,805000.0,-0.006173319313955832,0.0031672638696993,-0.001503027722128266
2023,9Yqd6zJLMv,Marcos López,440250.0,-0.002317810838344753,-0.0007252459424711,-0.0015215283904079265
2023,xW5pxaa95g,Jesús David Murillo,509500.0,-0.0008352032173200019,-0.0026513801665611,-0.001743291691940551
2023,KPqjodW4Q6,Dairon Asprilla,352500.0,-0.00593743479405635,0.002419627047994,-0.0017589038730311752
2023,2lqRR4Rxqr,Lewis Morgan,653125.0,-0.0012401650563621785,-0.0026200639149354,-0.0019301144856487893
2023,KPqjnyNq6v,Damir Kreilach,1762570.0,-0.009821739013046192,0.0058497768609343,-0.001985981076055946
2023,NPqxmbKZQ9,Franco Fragapane,257496.0,-0.010572642835861023,0.0055230458069482,-0.0025247985144564115
2023,zeQZ7D3xMK,Patryk Klimala,1135000.0,-0.01309029849522651,0.0077236460324528,-0.0026833262313868548
2023,EGMPZOJVqa,Alan Velasco,1305000.0,0.0066215710072779505,-0.0121887611554178,-0.0027835950740699245
2023,NWMWeDYqlz,Nicolás Lodeiro,3256670.0,0.01778443814377223,-0.0234050100164741,-0.002810285936350935
2023,KAqBjOz4qb,Brad Smith,591250.0,-0.005013593367801375,-0.0006300729463857,-0.002821833157093537
2023,4wM4JGblqj,Sean Nealis,196875.0,0.00286355519916553,-0.0088301391136648,-0.0029832919572496354
2023,4JMAaoa7MK,Héctor Jiménez,200000.0,-0.018328508133624202,0.0122564394425087,-0.0030360343455577508
2023,gOMnlrDeqw,George Campbell,98000.0,0.0020813258163580126,-0.0082418359382648,-0.003080255060953394
2023,Xj5Y68Olqb,Daniel Gazdag,586250.0,0.0018851741801941355,-0.0083148527134757,-0.003214839266640782
2023,e7MzXrOqr0,Víctor Vázquez,440000.0,-0.01779919586885016,0.0113568788659227,-0.003221158501463729
2023,vzqo7onNqa,Zachary Brault-Guillard,319375.0,-0.01991381988313408,0.0133110653868547,-0.0033013772481396897
2023,aDQ0l8j3QE,Vuk Latinovich,85444.0,-0.009597338847679828,0.0028360114608846,-0.003380663693397614
2023,ljqELmeo5x,Ousseni Bouda,96500.0,-0.029163288359913518,0.0222676585380829,-0.003447814910915309
2023,0x5gLEGRq7,Oskar Aegren,65500.0,-0.0029900666770303758,-0.0042713829244438,-0.003630724800737088
2023,7vQ7Bmj8qD,Nicolás Acevedo,254800.0,-0.005394404958263734,-0.0019510862893426,-0.003672745623803167
2023,Xj5Y87GAMb,Yordy Reyna,797500.0,-0.013508190407450285,0.005945899529633,-0.0037811454389086426
2023,0x5g2pW7M7,Shaquell Moore,779400.0,-0.0034299637231380714,-0.0049616117352408,-0.004195787729189436
2023,eV5DLDVJ5K,Eryk Williamson,550000.0,-0.03545223678694674,0.0270168680058256,-0.004217684390560571
2023,jYQJad7DqG,Siad Haji,129000.0,-0.023085443268854887,0.014442303908995,-0.004321569679929944
2023,aDQ0PGdGQE,Handwalla Bwana,140000.0,-0.022356412945292038,0.0134462071536332,-0.004455102895829419
2023,EGMPxA0MaY,Alexandre Pato,400000.0,-0.010801043849124186,0.0015843293941286,-0.004608357227497793
2023,9YqdkXVO5v,Cristian Tello,1725070.0,-0.01172016793916922,0.0022930267549132,-0.00471357059212801
2023,BLMv7L435x,Andrés Reyes,469375.0,-0.007606177393734463,-0.002647057939445,-0.005126617666589731
2023,ljqE2PwVQx,Memo Rodríguez,310935.0,-0.021341967289579458,0.0110294779145234,-0.005156244687528028
2023,0x5gZDPM7O,Kei Kamara,94000.0,-0.008903326509030649,-0.0015851135263517,-0.005244220017691174
2023,vzqodD8ZQa,Arquimides Ordonez,69037.0,-0.019629951061216126,0.0090949829250359,-0.005267484068090113
2023,7vQ73orEQD,DeAndre Yedlin,848750.0,-0.0037709341170971203,-0.0068411949856705,-0.00530606455138381
2023,Vj58YwDDq8,Justin Meram,468750.0,-0.009098498827300548,-0.0016734146312274,-0.005385956729263974
2023,KAqBNnYXqb,Malte Amundsen,308700.0,-0.006582485370743881,-0.004275727516586,-0.00542910644366494
2023,vzqoJzL75a,Nicholas Markanich,65500.0,-0.025678933750127017,0.0146965291574496,-0.0054912022963387085
2023,0Oq63P32Q6,Nkosi Burgess,197950.0,-0.009257851057989066,-0.0019249747836996,-0.005591412920844333
2023,e7Mz9DgGQr,Jack Price,725000.0,-0.020003400400795526,0.0087474640097235,-0.005627968195536013
2023,7vQ73NxYQD,Kelyn Rowe,275000.0,-0.018874414275131243,0.007489209291798,-0.005692602491666622
2023,2lqRjkEJqr,Logan Ndenbe,396125.0,-0.0021448556964388105,-0.0094155620352941,-0.005780208865866455
2023,9vQ22pVaQK,Matt Polster,353437.0,-0.017559858552948497,0.0059824905701641,-0.0057886839913921986
2023,XVqKYGbWM0,Bobby Wood,1018160.0,-0.015749097386941843,0.0038533629101208,-0.005947867238410521
2023,N6MmWAYwqE,Noel Buck,65500.0,-0.022995895410571898,0.0108682335608243,-0.006063830924873799
2023,7vQ7rvNDqD,Cristian Dájome,815625.0,-0.010391772305149857,-0.0017884829883846,-0.006090127646767229
2023,BLMvly1Oqx,Milos Degenek,812000.0,-0.0019680184549512054,-0.010347046778703,-0.006157532616827103
2023,N6MmeKWLME,Brooks Lennon,500000.0,-0.008973233440844403,-0.0038086107392822,-0.006390922090063302
2023,BLMv7DLA5x,Darren Yapi,76333.0,-0.023251934894517646,0.0102708497239238,-0.006490542585296923
2023,gOMnYzdxQw,Tsiki Ntsabeleng,65500.0,-0.030371424667194925,0.0172225718084751,-0.0065744264293599135
2023,7VqG376xqv,Thorleifur Úlfarsson,77699.0,-0.017871745890460294,0.0046767449810274,-0.006597500454716447
2023,wvq9g7AaMW,Tim Parker,1037500.0,-0.0035769288957529614,-0.0097585153595444,-0.006667722127648681
2023,Vj58w7RmM8,Alex Roldan,232500.0,-0.0044746409803753245,-0.0088985138781803,-0.006686577429277812
2023,vzqodgRYQa,Ibrahim Sunusi,291250.0,-0.02935673657094373,0.0158467493954307,-0.006754993587756516
2023,gpMOzy4nQz,Damion Lowe,268333.0,-0.004416191380201892,-0.0103049690935803,-0.007360580236891096
2023,9vQ22BR7QK,Jesús Ferreira,1499000.0,0.00906485994970241,-0.0238660246055634,-0.007400582327930495
2023,4wM4a9Gl5j,Adalberto Carrasquilla,469132.0,-0.02047559229920241,0.0052661115446618,-0.007604740377270306
2023,kRQabOZYMK,Tyler Blackett,840000.0,-0.006017839565801606,-0.009473198652338,-0.007745519109069803
2023,e7MzAxyGQr,Henry Kessler,170000.0,-0.0028923339738134105,-0.0127133569202955,-0.007802845447054455
2023,aDQ0LoylQE,Griffin Dorsey,144000.0,-0.012913302193761739,-0.0027099586816428,-0.007811630437702269
2023,p6qboeJDQ0,Damian Rivera,84000.0,-0.02187967001068321,0.0056023096197959,-0.008138680195443657
2023,9z5kamgdQA,Jimmy Medranda,210000.0,-0.02517021430128514,0.0087780893907035,-0.00819606245529082
2023,0Oq6l8YgM6,Romain Métanire,819250.0,-0.04642908388482828,0.0298283756175908,-0.008300354133618742
2023,raMyAGEBMd,Fafa Picault,600000.0,-0.01567064690998062,-0.0010905866988306,-0.008380616804405609
2023,xW5pbAlQg1,Maxime Chanot,700000.0,-0.014342861575059757,-0.0025957422618339,-0.008469301918446828
2023,gpMOa6zrqz,Derrick Etienne,175000.0,-0.00520281557609268,-0.0121114574535914,-0.00865713651484204
2023,p6qbOkywQ0,Pablo Ruiz,523500.0,-0.008653502856742629,-0.0087805819588966,-0.008717042407819614
2023,KPqjKWmyQ6,James Igbekeme,408281.0,-0.018496736575961348,0.0010454435567528,-0.008725646509604274
2023,jYQJNEyQGR,Haris Medunjanin,248750.0,-0.040667829869479186,0.023166586126621,-0.008750621871429092
2023,4wM4JlEyqj,Kervin Arriaga,103667.0,-0.024308707626251435,0.0066588352808746,-0.008824936172688418
2023,KAqBgZVQbg,Mauricio Pereyra,1348000.0,-0.008450176036756574,-0.0095007675832813,-0.008975471810018936
2023,vzqor9jp5a,Johan Kappelhof,287000.0,-0.0012145296125403004,-0.0171816037030634,-0.009198066657801849
2023,7VqGjPKj5v,Jhohan Romaña,440000.0,-0.01710196270269379,-0.0014763516869254,-0.009289157194809595
2023,gOMnldW8qw,Ema Twumasi,336900.0,-0.004824717723632252,-0.0143088394782007,-0.009566778600916476
2023,4JMAolz1qK,Daniel Pereira Gil,102258.0,-0.023570450640174535,0.0042880003061356,-0.009641225167019467
2023,BLMv7E4X5x,Lucas Esteves,426092.0,-0.010690477568438236,-0.0087352967129663,-0.00971288714070227
2023,eVq3xXDDQW,Cristian Cásseres Jr,274000.0,-0.009380411788947596,-0.0101827993667481,-0.009781605577847848
2023,0x5gNXPM7O,Martín Cáceres,294400.0,-0.014203263506042157,-0.0053669444084976,-0.009785103957269878
2023,EGMPnReVqa,Anderson Julio,820000.0,-0.022042495562198273,0.0022963585735824,-0.009873068494307937
2023,a35ryXO2ML,Luis Díaz,408900.0,-0.02493364912521648,0.005049526074926,-0.009942061525145242
2023,9z5k7zAl5A,Marcus Godinho,88444.0,-0.02436404911217351,0.0044426217700007,-0.009960713671086405
2023,EGMPZ0m3qa,Juan Mosquera,178167.0,-0.015085958354042993,-0.0048357675305669,-0.009960862942304947
2023,9Yqd6zwjMv,Santiago Sosa,643100.0,-0.018574769535299258,-0.0014473236313092,-0.010011046583304229
2023,raMyArxkMd,Zeca,259015.0,-0.01759942791286916,-0.002468791476621,-0.01003410969474508
2023,4JMAoL97qK,Julián Carranza,900000.0,0.0071763490396579335,-0.0276213806496216,-0.010222515804981833
2023,OlMlezzg5L,Lukas MacNaughton,86100.0,-0.01410084190566185,-0.0064553853486885,-0.010278113627175175
2023,eV5DLedE5K,Latif Blessing,416667.0,-0.03031177846339172,0.00970630394855,-0.010302737257420858
2023,KPqjKLjnQ6,Cameron Harper,276250.0,-0.018990401301088564,-0.001638779498236,-0.010314590399662283
2023,KXMeke41q6,Robert Taylor,278900.0,-0.014208313108726814,-0.0064390264739962,-0.010323669791361508
2023,odMXR02JqY,D.J. Taylor,85444.0,-0.010482316528092119,-0.0105135934222529,-0.010497954975172509
2023,KPqj7jY4Q6,Mark-Anthony Kaye,700000.0,-0.023577360378142665,0.002563486988793,-0.010506936694674833
2023,raMyrrNJ5d,Bode Davis,88294.0,-0.026660709036720028,0.0055779122695754,-0.010541398383572313
2023,eVq3a8XyMW,Ismael Tajouri-Shradi,647860.0,-0.022277415725067536,0.0008510190707367,-0.010713198327165418
2023,NWMWVR6jQl,Brendan Hines-Ike,417917.0,-0.003796825614035153,-0.0176431281615819,-0.010719976887808527
2023,7VqG0oaYQv,Abdoulaye Cissoko,66724.0,-0.01767697659390361,-0.0037836857929353,-0.010730331193419455
2023,OlMl9NoE5L,Nuno Santos,561387.0,-0.038386817952170076,0.0168738780867235,-0.010756469932723289
2023,9vQ2d3X75K,Kellyn Acosta,1215000.0,-0.015022815868774382,-0.00674224515864,-0.010882530513707191
2023,wvq9eWbBqW,Deandre Kerr,70819.0,-0.03354181686397949,0.0117124939387974,-0.010914661462591044
2023,4JMA1m7MKg,Kelvin Leerdam,335000.0,-0.02427282621076301,0.0023107801027283,-0.010981023054017354
2023,EGMPZ36rqa,Luke Haakenson,84000.0,-0.04319951835728751,0.0211575257700296,-0.011020996293628956
2023,vzqo7XWpqa,Jackson Ragen,65500.0,-0.01482691096072428,-0.0073481261171539,-0.01108751853893909
2023,gpMOa627qz,Tony Alfaro,89513.0,-0.014845114522411702,-0.0079230211281737,-0.0113840678252927
2023,9Yqd2xmMvJ,Felipe Gutiérrez,569250.0,-0.024577780839966718,0.0017024950767804,-0.01143764288159316
2023,e7MzZ63OMr,Bernard Kamungo,84000.0,-0.026348802418542747,0.0033559144166754,-0.011496444000933673
2023,KXMe8gzPQ6,Luquinhas,1173120.0,-0.01741936445454916,-0.0056279342726614,-0.011523649363605278
2023,zeQZzPgQKw,Danny Hoesen,716667.0,-0.01725129485337232,-0.0062594639251944,-0.01175537938928336
2023,0x5g2XBjM7,Jaylin Lindsey,235625.0,-0.014746256996196049,-0.0088847212225863,-0.011815489109391175
2023,eVq3jBAv5W,Jeremy Ebobisse,766617.0,-0.010921142558258028,-0.0128043054155052,-0.011862723986881613
2023,0x5g2LVRM7,Ronald Matarrita,806875.0,-0.031061950700029317,0.007309468303669,-0.011876241198180159
2023,a35rlyZ4QL,Diego Chara,683333.0,-0.025547993923961412,0.0016028683520457,-0.011972562785957857
2023,BLMvzPNlMx,Cecilio Domínguez,1736000.0,-0.026449351825294287,0.0021168406023243,-0.012166255611484994
2023,KXMe8EJ6Q6,Pedro Vite,609997.0,-0.015746124376544376,-0.0088060951314634,-0.012276109754003887
2023,KXMe8zRPQ6,Sami Guediri,84000.0,-0.015355389572833153,-0.009438340270599,-0.012396864921716075
2023,eV5Dk92mMK,Kendall Burks,84000.0,-0.02056707444419692,-0.0042698821422027,-0.01241847829319981
2023,eV5DzmNmQK,Kipp Keller,96500.0,-0.011591333942907848,-0.0136730623855575,-0.012632198164232673
2023,xW5prl1KQg,Dominique Badji,555000.0,-0.012665780105240172,-0.0127571861108065,-0.012711483108023336
2023,raMy4eBQd2,Dom Dwyer,84000.0,-0.013394338084369063,-0.0128302853891794,-0.013112311736774232
2023,jYQJ1w0GqG,Stuart Findlay,450000.0,-0.01230755504643274,-0.0139661127215915,-0.01313683388401212
2023,gpMOa9aRqz,Ashley Fletcher,1569750.0,-0.008248766785794335,-0.0183105659836435,-0.013279666384718919
2023,gOMnRxreMw,Andre Shinyashiki,150000.0,-0.014271458552184133,-0.0124134962989477,-0.013342477425565916
2023,vzqo7EpLqa,Anthony Markanich,65500.0,-0.014896252035358416,-0.01219614665891,-0.013546199347134209
2023,raMyeneJMd,Ryan Sailor,65500.0,-0.018508741164981773,-0.0090854256442213,-0.013797083404601538
2023,ljqE2ekNQx,Zan Kolmanic,300000.0,-0.02011403082443606,-0.0074999262047241,-0.01380697851458008
2023,Pk5L6k6PQO,Kwadwo Opoku,133095.0,-0.01191944099564626,-0.0157343286148227,-0.01382688480523448
2023,9Yqdoey95v,Jan Sobociński,351250.0,-0.01856387290524899,-0.009100559297698,-0.013832216101473494
2023,N6MmeGvRME,Edison Flores,1733000.0,-0.01630236973933804,-0.0114023325585721,-0.01385235114895507
2023,kRQaoj6O5K,Dylan Borrero,613962.0,-0.01686755951511773,-0.010982312561244,-0.013924936038180865
2023,BLMv1GlQxe,Albert Rusnák,1871670.0,-0.021996350563244647,-0.0060280087489429,-0.014012179656093773
2023,gjMN694KMK,Abdoul Zanne,179000.0,-0.02802935971616123,-0.0001088678725112,-0.014069113794336216
2023,raMye0jJMd,Matai Akinmboni,75000.0,-0.015586721308882091,-0.0126874502230711,-0.014137085765976595
2023,p6qbokmpQ0,Jairo Quinteros,85000.0,-0.010831148439943192,-0.0175075715254668,-0.014169359982704997
2023,zeQZJm9jQK,Anton Walkes,353594.0,-0.006458375281161659,-0.0219154138494599,-0.01418689456531078
2023,ljqEVeEoQx,Rodrigo Schlegel,200000.0,-0.00534079620816944,-0.0232712337043371,-0.01430601495625327
2023,N6MmeX2wME,Nacho Gil,100000.0,-0.018914874414332795,-0.0097503882178494,-0.014332631316091098
2023,e7Mz9PWjQr,Keegan Rosenberry,400000.0,-0.01573405900156362,-0.0130207281530816,-0.014377393577322609
2023,eV5DLWdm5K,Ronald Hernández,300000.0,-0.01809828598563299,-0.0108639721024981,-0.014481129044065545
2023,KXMeOaaPq6,Emiliano Rigoni,2294150.0,-0.0072347853472591525,-0.0227681928675462,-0.015001489107402677
2023,gpMOoN8OMz,Nicholas Gioacchini,369287.0,-0.026566782824276984,-0.0036615808871528,-0.015114181855714892
2023,Oa5wVgVYM1,Chris Mueller,612316.0,-0.006949005000507978,-0.0233546773162913,-0.015151841158399638
2023,7vQ7Bvx8qD,Christopher Garcia,94300.0,-0.026252244053795667,-0.0044601546921556,-0.015356199372975634
2023,2vQ1N1r4Mr,Gregore,801000.0,-0.01784787200550085,-0.0130357790871212,-0.015441825546311025
2023,OlMle3AD5L,Thomas Williams,73254.0,-0.019919758169211217,-0.011000233726769,-0.015459995947990109
2023,kRQabYwjMK,Corentin Jean,788400.0,-0.02468496885221234,-0.0062475099290128,-0.01546623939061257
2023,Xj5Y9zw05b,Dylan Nealis,200000.0,-0.013433954193512666,-0.0175491345151286,-0.015491544354320633
2023,KAqB9aJV5b,Nigel Robertha,622406.0,-0.02486973498844183,-0.0063259562043777,-0.015597845596409764
2023,OlMl9gDP5L,Kim Moon-Hwan,179000.0,-0.022852168865892572,-0.0083688361686742,-0.015610502517283386
2023,zeQZJN9jQK,Lucas Zelarayán,3700000.0,0.004936467272463161,-0.0361667970140844,-0.015615164870810619
2023,gOMnlWY8qw,Jaziel Orozco,65500.0,-0.010526516302072218,-0.0207710239614256,-0.01564877013174891
2023,7VqG00lAQv,Benjamin Redzic,74346.0,-0.0314054661612333,-0.0002748043233886,-0.015840135242310947
2023,eVq3jx6G5W,Adrián Cubas,900000.0,-0.019449178340946248,-0.0122413912230544,-0.015845284782000323
2023,OlMleY045L,Emiliano Brienza,179000.0,-0.027716284716139412,-0.0040259598908627,-0.015871122303501056
2023,4wM4JyWBqj,Thiago,199600.0,-0.02494388257744879,-0.0068112031855098,-0.015877542881479294
2023,kRQayrjQKZ,Nicolas Isimat-Mirin,1028120.0,-0.010499794016072662,-0.0213578546021043,-0.01592882430908848
2023,2vQ1LYY0qr,Emmanuel Boateng,225000.0,-0.0181123606655156,-0.0138095072631571,-0.01596093396433635
2023,gOMn6NBlMw,Yaw Yeboah,663750.0,-0.022318817344402397,-0.0097619909245733,-0.01604040413448785
2023,EGMPlpRxMa,Gyasi Zardes,1550000.0,-0.01849131350008964,-0.0137501705046254,-0.016120742002357517
2023,gpMOel1Rqz,Justin Rasmussen,65500.0,-0.019160818363519676,-0.0136770337690318,-0.01641892606627574
2023,EGMPZXgxqa,Francisco Ginella,572250.0,-0.033273278063791205,0.0003691508094729,-0.016452063627159154
2023,0Oq63oxzQ6,Aiden McFadden,65500.0,-0.02719488730465614,-0.0057246834355302,-0.01645978537009317
2023,2lqRkmAWQr,Jackson Conway,84000.0,-0.029083425201414062,-0.0038444048900727,-0.01646391504574338
2023,jYQJal6kqG,Miguel Ángel Navarro,247000.0,-0.006660613317099448,-0.0263779473105541,-0.016519280313826774
2023,2vQ1NO0OMr,Jáder Obrian,467100.0,-0.027210166582124738,-0.0061908808716828,-0.016700523726903768
2023,9Yqd6OVEMv,Zach Ryan,65500.0,-0.0309083266663776,-0.002768596124451,-0.0168384613954143
2023,KXMeAPkM64,Dax McCarty,517500.0,-0.027700147294384567,-0.0061006155716203,-0.01690038143300243
2023,zeQZJX1KQK,Zarek Valentin,290000.0,-0.023629623470830877,-0.0102881015058282,-0.016958862488329538
2023,a35rKZZwqL,Marvin Loría,164375.0,-0.019107686412216975,-0.0148173772418643,-0.016962531827040637
2023,NPqxm7JXQ9,Ben Sweat,200000.0,-0.01236750924768859,-0.021560040346957,-0.016963774797322796
2023,gjMNvjYvMK,Darlington Nagbe,1760000.0,-0.027414593240167283,-0.0065649274313045,-0.01698976033573589
2023,N6MmebxeME,Rodrigues,608000.0,-0.0007851358191928431,-0.033216946506926,-0.01700104116305942
2023,raMyA6KRMd,Jon Gallagher,155000.0,-0.01622290066518673,-0.0177927036992948,-0.017007802182240767
2023,0x5gLLjRq7,Julian Araujo,678750.0,-0.008958364868918486,-0.0251845995384052,-0.017071482203661843
2023,Pk5LgPOmMO,Ethan Bartlow,91500.0,-0.017195972500060167,-0.0169579953523003,-0.017076983926180234
2023,2lqRRkw2qr,Alfredo Morales,662250.0,-0.034261503952930004,-0.0001419966653403,-0.017201750309135153
2023,Xj5YLGKxMb,Christopher McVey,224292.0,-0.01912817154372446,-0.0154479222385203,-0.01728804689112238
2023,9vQ2dZe15K,Jalil Anibaba,150000.0,-0.02205398801367712,-0.012994926907187,-0.01752445746043206
2023,jYQJzo8ZQG,Cristián Gutiérrez,267500.0,-0.02307225257860109,-0.012130633207835,-0.017601442893218043
2023,raMy4ylQd2,Omar González,450000.0,-0.02349190934744054,-0.0120634783428682,-0.01777769384515437
2023,eVq3jWWD5W,Kamil Jozwiak,1017000.0,-0.01395660698372527,-0.0218405074935189,-0.017898557238622086
2023,XVqKG1XWq0,Simon Becher,179000.0,-0.032603089787600695,-0.0032053817680636,-0.017904235777832147
2023,gpMOoOjnMz,Kwaku Owusu,85444.0,-0.031358849054523734,-0.0047191776162639,-0.018039013335393816
2023,0Oq63Ym2Q6,Ryan Spaulding,65500.0,-0.030951561212852592,-0.005254767681233,-0.018103164447042797
2023,315VkJ1Yq9,Ian Murphy,67750.0,-0.02326538061103297,-0.012975382932325,-0.018120381771678986
2023,KAqB9EbX5b,Alan Steven Franco,538300.0,-0.016527582722003442,-0.0198954159691726,-0.018211499345588023
2023,7vQ7rmxEqD,Jamiro Monteiro,1293500.0,-0.017906994617014036,-0.0186483900682934,-0.018277692342653716
2023,7VqG0ZGYQv,Diego Luna,98380.0,-0.02540510516662657,-0.011353934462172,-0.018379519814399285
2023,jYQJzy1EQG,Dylan Teves,65500.0,-0.032357784273612585,-0.0044539603070753,-0.018405872290343944
2023,gOMnR6e6Mw,Nick Lima,350000.0,-0.018131848672310442,-0.0187284632313477,-0.01843015595182907
2023,e7Mzl0nXqr,Miguel Trauco,150000.0,-0.028255553433126232,-0.0086864148167612,-0.018470984124943718
2023,315VelRbM9,Joevin Jones,458100.0,-0.02831925447493669,-0.0086449847587806,-0.018482119616858646
2023,KAqB92k75b,Franco Escobar,550008.0,-0.01875305254963322,-0.0183221483371001,-0.01853760044336666
2023,2lqRkWjJQr,Ruan,360000.0,-0.023240227252491363,-0.0139349289373071,-0.01858757809489923
2023,7VqG00yjQv,Adam Armour,65500.0,-0.029257213501109817,-0.007922683637151,-0.018589948569130408
2023,a35ryB2AML,Alex Monis,85900.0,-0.031873630998546995,-0.0054090710871029,-0.01864135104282495
2023,eV5DLY8A5K,Mason Toye,558000.0,-0.017773373143482343,-0.0199029802234384,-0.01883817668346037
2023,Xj5Y6n4Gqb,Sergio Ruiz,613000.0,-0.03731883159624613,-0.0005793167420083,-0.018949074169127215
2023,wvq9wYNMWn,Victor Wanyama,3091670.0,-0.016222912505848647,-0.0216937184556791,-0.018958315480763873
2023,wvq9eZdYqW,Benjamin Kikanovic,91219.0,-0.027342462594715844,-0.0106663688777779,-0.019004415736246873
2023,BLMv6ZyRMx,Niko Tsakiris,69667.0,-0.0266700462645771,-0.0113586263069059,-0.0190143362857415
2023,gpMOoa2RMz,Chris Kablan,126000.0,-0.030018788482415855,-0.0081854633251745,-0.01910212590379518
2023,NWMWVe1KQl,Edwin Munjoma,84000.0,-0.027967392797520405,-0.0104046590762707,-0.019186025936895553
2023,vzqo78BJqa,Omir Fernandez,155000.0,-0.02628991108317068,-0.0120879513309367,-0.01918893120705369
2023,jYQJBvJGQG,Jonathan Bell,84000.0,-0.01676332297504276,-0.0216785367903768,-0.019220929882709778
2023,4JMA1yOMKg,Victor Pálsson,863125.0,-0.02734045880813577,-0.011378624933721,-0.019359541870928386
2023,eVq3xb9XQW,Daniel Trejo,65500.0,-0.03392286428665191,-0.0048465599701329,-0.019384712128392403
2023,p6qbrkpq0G,Harrison Afful,332500.0,-0.013980168265963322,-0.0249167802486077,-0.019448474257285513
2023,BLMv7ygB5x,César Araujo,261000.0,-0.02977775786398399,-0.0091300688383248,-0.019453913351154394
2023,2lqRkZXDQr,Cristian Espinoza,1265000.0,-0.01629936109644864,-0.0226271593605325,-0.01946326022849057
2023,odMXjX2qYL,Kieran Gibbs,378167.0,-0.029585215715905916,-0.0093741801660264,-0.019479697940966156
2023,0x5g2EKLM7,Indiana Vassilev,134000.0,-0.019936748893470597,-0.0192813674370085,-0.01960905816523955
2023,315VPoB6Q9,Kayden Pierre,70600.0,-0.025421244098890867,-0.014138893121855,-0.019780068610372934
2023,KPqjKWwPQ6,Brian Gutierrez,105900.0,-0.01145137650694216,-0.0282048013567622,-0.01982808893185218
2023,aDQ0lkLBQE,Diego Gutiérrez,65500.0,-0.03272458373974824,-0.0069404695050984,-0.01983252662242332
2023,ljqEjV8oQx,Nathan Byrne,607833.0,-0.02274361990540018,-0.017118474847496,-0.01993104737644809
2023,Oa5wAK7jQ1,Nanu,668750.0,-0.02545716303650227,-0.0148035963087182,-0.020130379672610235
2023,eVq3xvygQW,Tega Ikoba,85444.0,-0.031138793784105334,-0.0092796727024241,-0.020209233243264717
2023,KAqBwAWQbg,Sacha Kljestan,84000.0,-0.04374060032130902,0.003286553415721,-0.02022702345279401
2023,9vQ22OOoQK,Jackson Yueill,736875.0,-0.0285323506920053,-0.012023933261741,-0.020278141976873148
2023,7vQ7BmAzqD,Hassani Dotson,457500.0,-0.010369904154439037,-0.0302684768233733,-0.020319190488906166
2023,NWMWlaDZ5l,Kobe Franklin,179000.0,-0.033112837605497616,-0.0078027844856946,-0.02045781104559611
2023,Xj5Y6AlAqb,Orrin McKinze Gaines II,86750.0,-0.023475256887216717,-0.0176669425079648,-0.02057109969759076
2023,7vQ73wYGQD,Héber,914000.0,-0.019132562594756368,-0.0220129599900973,-0.020572761292426835
2023,7VqG0XxeQv,Hugo Mbongue,75078.0,-0.03061685024806219,-0.0109291048493894,-0.020772977548725795
2023,NPqxADDYQ9,Ali Ahmed,179000.0,-0.03548528544683442,-0.0063205297695261,-0.02090290760818026
2023,0Oq6wyrPQ6,Kortne Ford,151667.0,-0.020806524527355423,-0.0210180186950815,-0.02091227161121846
2023,KXMeO1kXq6,Gedion Zelalem,84000.0,-0.04718985474426187,0.0053430460521943,-0.020923404346033785
2023,KPqj7dxnQ6,Pierre Reedy,179000.0,-0.03188178839314336,-0.0100566866672495,-0.02096923753019643
2023,EGMPy6A5aY,Chris Mavinga,1037500.0,-0.016346779624262484,-0.0255944518615888,-0.020970615742925643
2023,NPqxxxgmq9,Dantouma Toure,80118.0,-0.028703644341557956,-0.0133904233181428,-0.02104703382985038
2023,0x5g2lywM7,Jake Nerwinski,280000.0,-0.011954943508978282,-0.0301505642953159,-0.021052753902147094
2023,4wM4E8Xg5j,Chris Donovan,65500.0,-0.02905778654477137,-0.0131066949294397,-0.021082240737105535
2023,wvq9ppPN5W,Doneil Henry,403000.0,-0.03022759428218038,-0.0120172202578292,-0.02112240727000479
2023,zeQZXXm15K,Jacob Davis,65500.0,-0.033822534768269796,-0.008657219464743,-0.0212398771165064
2023,gpMOyGlqzy,Kevin Molino,700348.0,-0.033743696506945635,-0.0089147305850858,-0.02132921354601572
2023,Oa5wXw8q14,Geoff Cameron,469000.0,-0.021107828064916345,-0.0218722157501248,-0.02149002190752057
2023,jYQJOaZMGR,Osvaldo Alonso,84000.0,-0.034649973030080626,-0.0083749193935139,-0.021512446211797265
2023,a35rydwBML,Harrison Robledo,86391.0,-0.04356249799304394,0.0004263637199327,-0.021568067136555617
2023,e7Mzlg8Xqr,Hassan Ndam,84000.0,-0.032468467708876965,-0.0108313609396828,-0.021649914324279883
2023,2lqRkbN4Qr,Paul Rothrock,179000.0,-0.03312794381980181,-0.0102213073986688,-0.021674625609235304
2023,KAqBNr8Jqb,Kosi Thompson,70760.0,-0.024050961861530402,-0.0193838406195104,-0.0217174012405204
2023,0Oq63lbzQ6,Themi Antonoglou,65500.0,-0.04034060821290581,-0.0031804388766756,-0.021760523544790706
2023,4wM4JGRNqj,Joshué Quiñonez,227833.0,-0.030697033476014372,-0.012982863051976,-0.021839948263995185
2023,raMyZA6R5d,Ravel Morrison,917844.0,-0.015277566087179792,-0.0286207854359743,-0.021949175761577046
2023,odMX7XZoQY,Zac McGraw,84000.0,-0.020912156996875222,-0.0230253236454421,-0.021968740321158663
2023,zeQZ7z3zMK,Ben Reveno,65500.0,-0.036580039224525886,-0.007389244490531,-0.021984641857528443
2023,9vQ2Zx1xQK,Azaad Liadi,179000.0,-0.03753204802281675,-0.0065018567012594,-0.022016952362038072
2023,aDQ0aNE3ME,Michael Boxall,655307.0,-0.018505794443779307,-0.0255433554474593,-0.022024574945619303
2023,KAqB9mYm5b,Karol Swiderski,2258000.0,-0.010390812884281552,-0.033677328567408,-0.022034070725844776
2023,4wM42Zd4qj,Josh Williams,325000.0,-0.024839262888233002,-0.0194509026768366,-0.0221450827825348
2023,4wM4JkaAqj,Thiago Fernandes,370344.0,-0.032069831164217015,-0.0122744168752104,-0.022172124019713708
2023,2vQ14E3lqr,Gaoussou Samake,84000.0,-0.033308045868002824,-0.0111078312852927,-0.02220793857664776
2023,xW5pyyaJqg,Braian Ojeda,608653.0,-0.02898317898121129,-0.0154552422209619,-0.022219210601086597
2023,7VqG08vjQv,David Ayala,395000.0,-0.03581382392574027,-0.0088274370627702,-0.022320630494255235
2023,OlMl9ZOw5L,Chase Gasper,400000.0,-0.028792936684992783,-0.0158889852825117,-0.02234096098375224
2023,Oa5wVojBM1,Washington Corozo,327500.0,-0.03171479365120295,-0.0130917099293518,-0.022403251790277377
2023,KAqBkYpWQb,Kristian Fletcher,105189.0,-0.025673385665522748,-0.019165828014016,-0.022419606839769374
2023,Oa5wVLWAM1,Adam Lundkvist,372500.0,-0.021465393106814598,-0.023408428244297,-0.0224369106755558
2023,0Oq6lrerM6,Gastón Giménez,2360670.0,-0.02798616909897831,-0.0170776778697974,-0.022531923484387855
2023,jYQJaAbBqG,Edison Azcona,65500.0,-0.028837148429783868,-0.0162686926913849,-0.02255292056058438
2023,0Oq6wjlzQ6,Jack Skahan,84000.0,-0.03358113245931231,-0.0115678741153501,-0.022574503287331203
2023,jYQJzmgEQG,Alexandru Matan,458250.0,-0.03254076928803529,-0.0126991825150801,-0.022619975901557694
2023,zeQZ79JKMK,Kimarni Smith,85444.0,-0.03332231857100183,-0.0122602535874513,-0.022791286079226567
2023,7VqGjBpz5v,Jared Stroud,84000.0,-0.04096722902811892,-0.0046393647877331,-0.02280329690792601
2023,2lqRjjpDqr,Ethan Dobbelaere,103716.0,-0.02436317742652381,-0.0212629311512153,-0.022813054288869553
2023,XVqKWA9Bq0,Zico Bailey,84000.0,-0.033838711405224604,-0.0118046475040896,-0.0228216794546571
2023,jYQJgJvdMG,Koa Santos,65500.0,-0.02534846969990126,-0.0203307270170173,-0.02283959835845928
2023,gOMnlGZmqw,Mohamed Farsi,75333.0,-0.042705015666116626,-0.0031774262804559,-0.022941220973286262
2023,4wM4JDRzqj,Harvey Neville,65500.0,-0.045068597889906616,-0.0009608941197115,-0.02301474600480906
2023,315VPPBEQ9,Tayvon Gray,144788.0,-0.0246078748682634,-0.0214433231510705,-0.02302559900966695
2023,kRQa2j0LMK,Kyle Smith,141244.0,-0.028902876754999404,-0.0171520161902857,-0.02302744647264255
2023,Pk5LeG0YqO,Quinn Sullivan,103500.0,-0.02651212442303681,-0.0196095874389206,-0.023060855930978702
2023,jYQJznnkQG,Chris Durkin,445000.0,-0.02881608420942252,-0.0173216278516546,-0.02306885603053856
2023,vzqo7mXJqa,Iván Angulo,380660.0,-0.022340841309339995,-0.0239307889189574,-0.023135815114148698
2023,BLMv70kA5x,William Richmond,65500.0,-0.03173566312192496,-0.014596156946533,-0.02316591003422898
2023,kRQa207YMK,Paxton Pomykal,700000.0,-0.021926194759729633,-0.0245037165025571,-0.023214955631143366
2023,XVqKejrWM0,Sebastian Anderson,106667.0,-0.04205137832594279,-0.0047161894359011,-0.023383783880921945
2023,eV5Dk7vaMK,Max,293360.0,-0.03916439822761415,-0.0076567144077421,-0.023410556317678126
2023,raMyDodQd2,Bryan Oviedo,320960.0,-0.02766751930421594,-0.0193346127912277,-0.02350106604772182
2023,7VqGoadqvW,Marcelo Silva,646667.0,-0.018798303544007067,-0.0286850355346947,-0.023741669539350883
2023,Pk5L6BzZQO,Micael,179000.0,-0.037707748996334764,-0.00993794162844,-0.023822845312387382
2023,Pk5L1BXPqO,Júnior Urso,780000.0,-0.03793212781137286,-0.0098955933443365,-0.02391386057785468
2023,2lqRRJ2Lqr,Raúl Ruidíaz,3201120.0,-0.012588181185384864,-0.0353081971638995,-0.02394818917464218
2023,7VqGjPwe5v,Samuel Grandsir,988427.0,-0.029818973290082845,-0.0182861168325682,-0.024052545061325523
2023,9vQ2Z1GaQK,Nathan,65500.0,-0.02741590849502168,-0.0207747697540691,-0.024095339124545388
2023,NPqxA8RmQ9,Nelson Quiñones,171890.0,-0.03050586281407433,-0.0179116843701609,-0.024208773592117615
2023,gOMnlYO6qw,Roberto Avila,65500.0,-0.035125612757431396,-0.0133576575524584,-0.024241635154944898
2023,4JMAoJNkqK,Jonathan Perez,171750.0,-0.04035497113520257,-0.008345089276926,-0.024350030206064285
2023,aDQ0NZOB5E,Matko Miljevic,593364.0,-0.02846032707517584,-0.0203366125525214,-0.02439846981384862
2023,xW5pyrwKqg,Obinna Nwobodo,1028100.0,-0.022291199669814396,-0.0266027446899217,-0.02444697217986805
2023,gjMNRVXYMK,Silvester van der Water,349750.0,-0.03919870002374253,-0.0099581584850824,-0.024578429254412466
2023,eVq3jJYw5W,Jonathan González,245000.0,-0.030536229283696273,-0.0186925703416985,-0.024614399812697387
2023,eV5DL1xR5K,Sean Zawadzki,89000.0,-0.0391566269148361,-0.0102205902615209,-0.0246886085881785
2023,2vQ1L4XOqr,C.J. Sapong,550000.0,-0.02942205070136303,-0.0199584272781304,-0.024690238989746715
2023,NWMWVG8ZQl,Donovan Pines,152000.0,-0.024415790523519262,-0.0252823327112592,-0.02484906161738923
2023,aDQ0a8plME,Raymon Gaddis,230000.0,-0.035615776739872436,-0.0140895196049769,-0.02485264817242467
2023,eVq3xk1VQW,Sebastian Berhalter,137250.0,-0.02477968445760434,-0.0250706548683087,-0.02492516966295652
2023,315V7EGvq9,Ismael Koné,68125.0,-0.03880513249653132,-0.0111452311925071,-0.02497518184451921
2023,a35ryZ7bML,Tanner Beason,200000.0,-0.018315913727923707,-0.0318229591127985,-0.0250694364203611
2023,OlMlam05Lz,Brek Shea,206100.0,-0.033367221015081265,-0.016909295821088,-0.025138258418084633
2023,zeQZjOPjQK,Daniel Aguirre,66724.0,-0.047758560902064456,-0.0028455389008221,-0.025302049901443278
2023,ljqEjLaEQx,Diego Fagundez,450000.0,-0.022674921780561713,-0.0280405422821269,-0.025357732031344307
2023,ljqE2EWkQx,Cristhian Paredes,350000.0,-0.03373522127072734,-0.0171015525529354,-0.02541838691183137
2023,KAqB97xV5b,Victor Bezerra,96461.0,-0.034329336051815665,-0.0171858745871232,-0.025757605319469433
2023,eV5DzeZaQK,Leonardo Chú,550000.0,-0.031339148031309515,-0.0203074159759668,-0.025823282003638155
2023,KXMe8YjPQ6,Edwin Mosquera,337000.0,-0.036154250541623995,-0.0155192397527448,-0.025836745147184398
2023,xW5pyO7Bqg,Easton Ongaro,179000.0,-0.031245057787697282,-0.0204890982685797,-0.025867078028138493
2023,aDQ0Pv1WQE,Carlos Ferreira,1970200.0,-0.01832526270021559,-0.0336235244342355,-0.025974393567225543
2023,gjMNRlApMK,Ronaldo Cisneros,244000.0,-0.032479938300155366,-0.0195653700956259,-0.026022654197890634
2023,kRQaerljQK,Jack Lynn,65500.0,-0.03896642107939601,-0.0135528328839699,-0.026259626981682955
2023,2vQ14E1Kqr,Ranko Veselinovic,490500.0,-0.023924782963746477,-0.0287376287954124,-0.02633120587957944
2023,odMX70VAQY,Calvin Harris,100444.0,-0.03647847454291539,-0.0164988627628873,-0.026488668652901344
2023,N6MmKdJPqE,Jack Maher,164000.0,-0.016666442763948745,-0.0366456474879292,-0.02665604512593897
2023,0Oq633dAQ6,Griffin Yow,136118.0,-0.026840632727209737,-0.0266086468576421,-0.026724639792425918
2023,e7MzJVJ7Mr,Theodore Ku-Dipietro,65500.0,-0.03294195916236398,-0.0205297426642495,-0.02673585091330674
2023,wvq9gNOBMW,Jairo Torres,1219330.0,-0.01834725240299346,-0.0351436363682399,-0.02674544438561668
2023,0Oq6lyNdM6,Wil Trapp,784875.0,-0.03452668373199279,-0.0191576945358252,-0.026842189133908994
2023,odMXj3JqYL,Drew Moor,172500.0,-0.03462142575949178,-0.0191690883928028,-0.02689525707614729
2023,eV5DLNDm5K,Brenner,2218600.0,-0.01591284825037339,-0.0378963634147502,-0.026904605832561795
2023,Pk5LegYPqO,Ercan Kara,1860000.0,-0.02192488547244112,-0.0319180785528942,-0.02692148201266766
2023,e7MzZozPMr,Jojea Kwizera,65500.0,-0.035852863220753546,-0.0183862674335113,-0.027119565327132424
2023,Pk5LgWeGMO,Bakaye Dibassy,743125.0,-0.02634313152999195,-0.027958210915647,-0.027150671222819472
2023,wvq9ebLaqW,Reed Baker-Whiting,85500.0,-0.030800510604604765,-0.023687344514101,-0.027243927559352885
2023,Pk5Le0VDqO,Ryan Raposo,114000.0,-0.014581043122459308,-0.0404332610920021,-0.027507152107230703
2023,gOMn6vBBMw,Erik Hurtado,84000.0,-0.028463579544395143,-0.0267317074474815,-0.027597643495938323
2023,NWMWrgeQlz,Larrys Mabiala,460000.0,-0.02055386106896582,-0.0346683730088481,-0.02761111703890696
2023,OlMlenEy5L,Jesús Jiménez,934927.0,-0.028349856297199806,-0.0269215472162138,-0.027635701756706803
2023,gOMn6X0eMw,Mikey Ambrose,85444.0,-0.03559001436502762,-0.0201126200353181,-0.02785131720017286
2023,7vQ7rA7YqD,William Sands,90250.0,-0.03456445666581022,-0.0211789824991197,-0.02787171958246496
2023,e7MzKKJ5r0,Jan Gregus,655000.0,-0.04192618457009418,-0.0139980900201021,-0.02796213729509814
2023,9vQ22Ap9QK,George Acosta,65500.0,-0.04963423957439644,-0.0065837087991811,-0.028108974186788767
2023,KXMe8jYxQ6,Serge Ngoma,85451.0,-0.03731695785610321,-0.019257374017471,-0.028287165936787102
2023,vzqodxN7Qa,Jacen Russel-Rowe,72866.0,-0.030409375576820344,-0.0261661636292579,-0.028287769603039123
2023,Vj587nmM8n,Teal Bunbury,444167.0,-0.02666182175935018,-0.0301708671245727,-0.02841634444196144
2023,eVq3a0ZgMW,Maikel Chang,98261.0,-0.025146864364364224,-0.0317259412200474,-0.02843640279220581
2023,aDQ0NNWE5E,Christopher Hegardt,73012.0,-0.05104969678175918,-0.0058900065263553,-0.02846985165405724
2023,a35rKA2AqL,Mauricio Pineda,248875.0,-0.042810844709419725,-0.0143849990390173,-0.028597921874218512
2023,xW5pw0RGMg,Nabilai Kibunguchy,66724.0,-0.04341883715269161,-0.0146512346984129,-0.029035035925552254
2023,KPqjK4w4Q6,Noah Allen,67167.0,-0.03435775169920455,-0.0243375258649743,-0.029347638782089423
2023,aDQ0lpPBQE,Samuel Adeniran,65500.0,-0.029689960227517583,-0.0293016779259635,-0.02949581907674054
2023,KXMe3y6vq6,Brooklyn Raines,83563.0,-0.048672537199049036,-0.010613981132374,-0.02964325916571152
2023,jYQJanvVqG,Daniel Edelman,91582.0,-0.038941792855538,-0.0205286520638784,-0.0297352224597082
2023,9vQ223NeQK,Cal Jennings,84000.0,-0.03497293600759561,-0.0245964600132809,-0.029784698010438253
2023,4JMAaEp9MK,Sam Nicholson,335313.0,-0.024039283626363973,-0.035567179577395,-0.029803231601879483
2023,p6qbomNwQ0,Caio Alexandre,562500.0,-0.04864611055915251,-0.0110002023092869,-0.029823156434219705
2023,2lqR7aKLQr,Jake Davis,179000.0,-0.04824752050854542,-0.011431163643012,-0.02983934207577871
2023,gpMOa0y1qz,Christopher Gloster,238000.0,-0.028775109705622276,-0.0313243732692286,-0.030049741487425438
2023,0Oq6wel7Q6,Cameron Duke,93000.0,-0.035570170863041775,-0.0245563300692354,-0.030063250466138586
2023,aDQ0a6jPME,Shane O'Neill,358000.0,-0.024587838336828753,-0.0355602739262096,-0.030074056131519176
2023,315VXDObQ9,Christian Makoun,200000.0,-0.015830594613396465,-0.0443692687664863,-0.030099931689941385
2023,7vQ7BYdeqD,Dru Yearwood,568750.0,-0.025590767783802825,-0.0350769608431645,-0.030333864313483665
2023,Oa5wEGBQ14,Steven Beitashour,172500.0,-0.03129452786133349,-0.0294576241091301,-0.030376075985231794
2023,p6qbe72X50,Alessandro Schöpf,892500.0,-0.026887907415952025,-0.0342021931642752,-0.030545050290113614
2023,NWMWlKbN5l,Jordan Perruzza,86500.0,-0.03027276565369292,-0.0310880168872638,-0.03068039127047836
2023,Oa5wVBw8M1,Jason Pendant,400750.0,-0.03743175206201009,-0.0240376336939741,-0.030734692877992097
2023,7VqG08wXQv,Wikelman Carmona,69474.0,-0.03994893863219782,-0.021529510991433,-0.03073922481181541
2023,vzqodDnvQa,Rida Zouhir,92431.0,-0.041737374422257875,-0.0198277932784896,-0.03078258385037374
2023,gjMNvnjDMK,Dario Zuparic,766667.0,-0.030972199838800687,-0.0310270006831288,-0.030999600260964745
2023,p6qbgGEpQ0,Kerwin Calderón Vargas,392167.0,-0.025684289600799853,-0.0367511929582871,-0.031217741279543475
2023,Oa5wdYB9q1,Elias Manoel,374800.0,-0.023541132114384546,-0.0390427636298804,-0.03129194787213247
2023,Oa5wA7V4Q1,Róbert Orri Thorkelsson,173500.0,-0.04197377706147457,-0.0206555852125934,-0.031314681137033985
2023,gOMnlXymqw,Pablo Bonilla,144667.0,-0.033582893776329704,-0.0296054483231097,-0.031594171049719705
2023,KAqBNnrVqb,Jesús Bueno,155378.0,-0.04698977043972014,-0.016260930904872,-0.03162535067229607
2023,KPqjK0kYQ6,Steven Sserwadda,65500.0,-0.06001147200634801,-0.0033856045325978,-0.03169853826947291
2023,9z5k7X9J5A,Blake Bodily,84000.0,-0.02680234528148512,-0.0369729173663631,-0.03188763132392411
2023,7VqG0dN3Qv,Isaac Atanga,364000.0,-0.039899204011116816,-0.0242563512931506,-0.03207777765213371
2023,NPqxeJ4kQ9,Allan Cruz,1254000.0,-0.03985766670527917,-0.024662099723785,-0.03225988321453208
2023,0Oq6lnlrM6,José Van Rankin,85000.0,-0.03200443581093202,-0.0327315052522778,-0.03236797053160491
2023,0x5gPvZRq7,Eriq Zavaleta,84000.0,-0.022647928622703317,-0.0421037948324565,-0.032375861727579905
2023,wvq9gwJZMW,Kadin Chung,70631.0,-0.031982919304468505,-0.0329970948022919,-0.032490007053380204
2023,7vQ7J9k2qD,Noble Okello,126815.0,-0.03612656258578994,-0.0289601594915778,-0.03254336103868387
2023,Oa5wV1NBM1,Jaroslaw Niezgoda,976758.0,-0.029233249949087492,-0.0360001588801067,-0.032616704414597096
2023,OlMl99Jy5L,Jonathan Menéndez,602813.0,-0.03493074752601767,-0.0303577303978873,-0.03264423896195248
2023,9Yqd6zYOMv,Steffen Yeates,179000.0,-0.052528839014378485,-0.0127951462634977,-0.03266199263893809
2023,vzqodkKBQa,Zorhan Ludovic Bassong,137500.0,-0.040656195791136045,-0.024976315702442,-0.03281625574678902
2023,NWMWLO7N5l,Sam Junqua,89513.0,-0.032982385441857574,-0.0327258306109906,-0.03285410802642409
2023,7vQ7xgKOMD,Sergio Oregel Jr,65500.0,-0.06057683630431321,-0.0051847482422081,-0.032880792273260656
2023,gOMnRzp8Mw,Jacori Hayes,199833.0,-0.0381988312545405,-0.0276107261017034,-0.03290477867812195
2023,KXMekX42q6,Dejan Joveljic,612500.0,-0.03024616623099413,-0.0355864135059182,-0.03291628986845617
2023,BLMv7a2A5x,Michael Halliday,99447.0,-0.04479485806462943,-0.0210402860286901,-0.032917572046659765
2023,OlMleyrD5L,Matías Pellegrini,970833.0,-0.01903230612495807,-0.0474238950003156,-0.033228100562636836
2023,0Oq630dXQ6,Kevin Cabral,1650000.0,-0.042978431150144276,-0.0236735731037557,-0.033326002126949986
2023,XVqKWAZBq0,Brandon Servania,455833.0,-0.03151645766587122,-0.0358231619243433,-0.03366980979510726
2023,EGMP1wzA5a,Tate Schmitt,92500.0,-0.02589096040878728,-0.0414699127038611,-0.03368043655632419
2023,NPqxx0vXq9,Andre Reynolds,98000.0,-0.02754119305128471,-0.0403130046949428,-0.03392709887311375
2023,odMX8xmrMY,Sebastien Ibeagha,252125.0,-0.021009892580518066,-0.0468799869820344,-0.03394493978127623
2023,aDQ00OGQEv,Jozy Altidore,4264960.0,-0.021274230907778916,-0.0471701569839895,-0.03422219394588421
2023,9vQ2ZNGLQK,Benjamin Bender,83000.0,-0.04475586846825026,-0.0241057886489673,-0.03443082855860878
2023,vzqo7PoNqa,Marlon Hairston,175000.0,-0.02792072715138727,-0.041001129556564,-0.034460928353975635
2023,4JMAaaxkMK,Sebastian Lletget,1023750.0,-0.029506200473875678,-0.0397292389560748,-0.03461771971497524
2023,odMXEazG5Y,Esmir Bajraktarevic,71559.0,-0.049170627336144405,-0.0200823588694791,-0.03462649310281175
2023,eV5DzJgOQK,Caleb Wiley,67100.0,-0.03735966523845352,-0.0319575565906072,-0.03465861091453036
2023,Vj58BVBEQ8,Gustavo Vallecilla,344880.0,-0.03027480189013078,-0.0396092071196664,-0.034942004504898594
2023,BLMvD98qxe,Florian Jungwirth,592667.0,-0.029930826763845828,-0.0399672744516668,-0.03494905060775631
2023,NWMWVjaDQl,Rubio Rubín,582937.0,-0.0440211344559312,-0.0259629831955368,-0.034992058825734
2023,ljqEjjZkQx,Nicolás Mezquida,84000.0,-0.04207235075218428,-0.0279529408867856,-0.03501264581948494
2023,e7Mzl0O6qr,Nikola Vujnovic,481705.0,-0.03126890604023417,-0.0388632735975389,-0.03506608981888654
2023,odMXR4waqY,Kemar Lawrence,482500.0,-0.03670327406881799,-0.0334311631583194,-0.03506721861356869
2023,EGMPn164qa,Wilder Cartagena,280250.0,-0.052934442559900305,-0.0175966337456391,-0.0352655381527697
2023,gOMnR96lMw,Alex Muyl,331562.0,-0.022763751124727966,-0.0478697363961804,-0.03531674376045418
2023,KPqj7OVPQ6,Fabian Herbers,281250.0,-0.034474363503027086,-0.036180967628229,-0.03532766556562804
2023,2lqRjL12qr,Brandan Craig,97825.0,-0.06387989288018754,-0.0068331344502755,-0.03535651366523152
2023,gjMNvg3KMK,Luis Martins,329000.0,-0.045206273676755074,-0.0255656238037581,-0.035385948740256586
2023,vzqor7PL5a,Arnór Ingvi Traustason,438405.0,-0.039422131824455184,-0.0314820795387139,-0.03545210568158454
2023,KPqjKbg2Q6,Paxten Aaronson,111500.0,-0.0380155717153325,-0.0329458993368185,-0.0354807355260755
2023,0Oq6wjzgQ6,Abu Danladi,142125.0,-0.02734567691689524,-0.0436458976506033,-0.035495787283749275
2023,aDQ0P4rWQE,Jhegson Méndez,636750.0,-0.04150616590296109,-0.029573165052799,-0.035539665477880046
2023,7vQ7rVvGqD,Kevin O'Toole,65500.0,-0.022051703020712618,-0.0490826966351844,-0.03556719982794851
2023,Vj58BzJ4Q8,Matías Vera,622812.0,-0.04731976136431815,-0.0249283808909274,-0.036124071127622774
2023,N6Mm7DkwqE,Emerson Hyndman,657143.0,-0.0514695690809496,-0.0208109885547987,-0.03614027881787415
2023,9z5kb3yPMA,Déiber Caicedo,331125.0,-0.03607541805132082,-0.0363578736557147,-0.03621664585351776
2023,eVq3jBjj5W,Tom Barlow,188151.0,-0.027947413018918822,-0.0446064384855636,-0.036276925752241215
2023,0x5g2KPRM7,Matt Real,105000.0,-0.04241814387003356,-0.0302854663198071,-0.03635180509492033
2023,N6Mm76gZqE,Josef Martínez,4141670.0,-0.024350491511774628,-0.0487730218844282,-0.03656175669810141
2023,e7Mz9oL7Qr,Martín Rodríguez,597200.0,-0.025932458295471195,-0.0473611250193851,-0.03664679165742815
2023,9YqdobRm5v,Maciel,69902.0,-0.05448638643878969,-0.018866287447813,-0.036676336943301344
2023,9YqdY2mRQv,Mathieu Choinière,134238.0,-0.04145470114744119,-0.0320848758648841,-0.036769788506162644
2023,4wM4Jwdzqj,Jahkeele Marshall-Rutty,136842.0,-0.028276998959432177,-0.0458536004341464,-0.03706529969678929
2023,wvq9bOBQWn,Felipe,84000.0,-0.06072386856386465,-0.0135099602375556,-0.037116914400710126
2023,315VXpO9Q9,Ahmed Hamdi,572500.0,-0.035922705282967815,-0.038384794820071,-0.037153750051519406
2023,jYQJnAGQGR,Jonathan Bornstein,330000.0,-0.03957200585712668,-0.0357403679251142,-0.03765618689112044
2023,xW5prjd6Qg,Chris Odoi-Atsem,151000.0,-0.03602335436305976,-0.0396021875208501,-0.03781277094195493
2023,Xj5Y6nZyqb,Ethan Zubak,130000.0,-0.03076494412578857,-0.0452617615006824,-0.038013352813235486
2023,7VqGj3RA5v,Samuel Piette,429750.0,-0.03992164189293165,-0.0364638387962796,-0.038192740344605625
2023,KPqjodRYQ6,Júnior Moreno,373750.0,-0.035534492012400054,-0.041122391761678,-0.03832844188703903
2023,2lqRkoYxQr,Taylor Washington,107570.0,-0.03379771195504546,-0.0432210104229223,-0.038509361188983876
2023,gjMNv7PpMK,Aníbal Godoy,871250.0,-0.050998347068835846,-0.0263112808771672,-0.03865481397300152
2023,vzqod90kQa,Andres Jasson,117144.0,-0.04190074740609738,-0.0355268458006454,-0.03871379660337139
2023,p6qbgzx4Q0,Jasper Löeffelsend,84000.0,-0.04917019977212397,-0.0285221832383899,-0.038846191505256936
2023,XVqKWZp2q0,Felipe Hernandez,119153.0,-0.044413758844814806,-0.0332810063335441,-0.038847382589179455
2023,jYQJzpAkQG,Brandt Bronico,134330.0,-0.04352103910008553,-0.0342627372766929,-0.03889188818838921
2023,KXMe8gorQ6,Javier Casas,85900.0,-0.03914706697583361,-0.039163207634238,-0.03915513730503581
2023,7vQ7rPpOqD,Russell Canouse,515000.0,-0.04785614060327253,-0.0308936953822837,-0.03937491799277811
2023,vzqo7jLvqa,Nouhou Tolo,344274.0,-0.02863345482949458,-0.0502785597421899,-0.03945600728584224
2023,9z5kakyJQA,Tyler Pasher,165381.0,-0.03951596488437095,-0.0394058076237615,-0.03946088625406623
2023,4JMA97YkMK,Matheus Rossetto,662500.0,-0.025606601035451836,-0.054049981554307,-0.039828291294879414
2023,KXMe87ZPQ6,Ralph Priso-Mbongue,89195.0,-0.04216425935693152,-0.0377428714734616,-0.03995356541519656
2023,aDQ0PKPRQE,Marco Farfan,225000.0,-0.027334146862495315,-0.0526361654316942,-0.03998515614709476
2023,Oa5wVYL4M1,Luis Amarilla,785000.0,-0.025132152401099367,-0.0549152878592687,-0.04002372013018403
2023,XVqKWGw2q0,Facundo Quignón,840627.0,-0.05017829603912356,-0.0300930918706479,-0.04013569395488573
2023,Xj5Y9bmX5b,Moussa Djitté,550000.0,-0.0372694331785602,-0.0431123808879191,-0.040190907033239645
2023,aDQ0PA8lQE,Ayo Akinola,671875.0,-0.041223115575195056,-0.0393177509003342,-0.04027043323776463
2023,9vQ2dRnL5K,Adrien Hunou,2687700.0,-0.04860272512595486,-0.0320089583102145,-0.04030584171808468
2023,vzqo70PBqa,Amar Sejdic,85444.0,-0.04234584561473501,-0.0385089858474394,-0.040427415731087206
2023,eVq3x19vQW,Daniel Crisostomo,179000.0,-0.05334347043261474,-0.0276707964394086,-0.04050713343601167
2023,NWMWlWle5l,Brian White,456000.0,-0.03458674070287705,-0.0464619704509034,-0.04052435557689023
2023,jYQJa30DqG,Joseph Rosales,65500.0,-0.04979605918685538,-0.0313488306195913,-0.04057244490322334
2023,2lqRkYZnQr,Bryan Acosta,706667.0,-0.0402621988114011,-0.040946439736414,-0.04060431927390755
2023,e7Mzlop7qr,Kalil ElMedkhar,66724.0,-0.05159875401229587,-0.0296680959572312,-0.040633424984763536
2023,eV5DL9aZ5K,Luca Petrasso,70012.0,-0.038714842523027586,-0.0426588497833442,-0.04068684615318589
2023,315V7zn7q9,Sofiane Djeffal,65500.0,-0.05163996639688471,-0.0305923555450207,-0.041116160970952706
2023,zeQZjOxDQK,Machop Chol,65500.0,-0.04468301711434191,-0.0376573391924049,-0.041170178153373406
2023,9YqdokXR5v,Jhon Espinoza,242500.0,-0.044509514856608076,-0.0380676871671443,-0.04128860101187619
2023,Vj58WX4JM8,Quinn McNeill,65500.0,-0.04959735354021746,-0.0331393284231491,-0.04136834098168328
2023,Pk5LemYYqO,Adam Saldana,95447.0,-0.0525549284483739,-0.0321610523904661,-0.04235799041942
2023,e7Mzl29Xqr,Joseph Mora,200000.0,-0.030826628515962864,-0.0546951155433133,-0.04276087202963808
2023,NWMWVgnDQl,Wilfrid Kaptoum,582500.0,-0.05577174425460306,-0.0306188135921428,-0.04319527892337293
2023,jYQJaXjkqG,Jordy Alcívar,325600.0,-0.050301547242687525,-0.0369173098604954,-0.04360942855159146
2023,315VDkYQ9x,A.J. DeLaGarza,250000.0,-0.0338894794418522,-0.0534117283211288,-0.0436506038814905
2023,KAqBjmYXqb,Kacper Przybylko,1212500.0,-0.03245186337163897,-0.0557122439498034,-0.04408205366072118
2023,N6MmepZxME,Jhojan Valencia,400125.0,-0.05658873106648619,-0.0321590891964062,-0.04437391013144619
2023,ljqE2vBzQx,John Nelson,73500.0,-0.03722710889419089,-0.0523466980019762,-0.044786903448083545
2023,raMyrZKR5d,Moses Nyeman,92502.0,-0.03153415018454321,-0.0588346038677503,-0.045184377026146756
2023,Oa5wAWDAQ1,Adrien Pérez,89513.0,-0.03430968346830125,-0.0568699785938955,-0.04558983103109837
2023,gpMOag9Dqz,Michael Estrada,425700.0,-0.04068435010983114,-0.0514423569228118,-0.04606335351632147
2023,gpMOoOjEMz,Justin Haak,85444.0,-0.060716692264894165,-0.0314942009510764,-0.04610544660798528
2023,XVqKear0M0,Aimé Mabika,73625.0,-0.033585084347271865,-0.0600503515683878,-0.04681771795782983
2023,9vQ2dZE15K,Will Bruin,260000.0,-0.04144468960562921,-0.0524872408659504,-0.0469659652357898
2023,9YqdogzE5v,Rodney Redes,412500.0,-0.04295614106900279,-0.0515467244095248,-0.0472514327392638
2023,Vj58BZ74Q8,Drew Skundrich,89513.0,-0.05525411998746334,-0.0392759069376042,-0.04726501346253377
2023,7vQ7rYLOqD,George Fochive,84000.0,-0.06291364310541968,-0.0321356264043736,-0.04752463475489664
2023,KXMeO4D6q6,Christian Ortíz,300000.0,-0.05590782850653704,-0.0403986777225747,-0.04815325311455587
2023,EGMPlymjMa,Javier López,860000.0,-0.05838554717066888,-0.0383915579898642,-0.04838855258026654
2023,XVqKYp2DM0,Yuya Kubo,1206750.0,-0.04077731809367917,-0.0563088572824266,-0.048543087688052884
2023,KAqB9Vgm5b,Tesho Akindele,340000.0,-0.03445487035898312,-0.0627001429115998,-0.04857750663529146
2023,7VqGjDgY5v,Justin Rennicks,120000.0,-0.03418270874487192,-0.0630797129317429,-0.04863121083830741
2023,Vj58WNDrM8,Obed Vargas,74531.0,-0.05165023749961642,-0.0456906587388336,-0.04867044811922501
2023,NWMWV93KQl,Joaquín Torres,279800.0,-0.05273734676675989,-0.0451959998838151,-0.048966673325287494
2023,Oa5wAK9WQ1,Tyler Wolff,114500.0,-0.023474988245097098,-0.0747462873964955,-0.0491106378207963
2023,NWMWL3XK5l,Aké Arnaud Loba,1491480.0,-0.04148230438663592,-0.0567445294396366,-0.04911341691313626
2023,9vQ2dAKY5K,Sean Davis,637500.0,-0.05623762780922322,-0.0425137428993633,-0.049375685354293264
2023,4JMA9GAYMK,Oniel Fisher,133000.0,-0.03266200713122351,-0.0665783211917792,-0.049620164161501355
2023,eVq3jYZv5W,Derrick Jones,207969.0,-0.04691433663568864,-0.0529690768387477,-0.04994170673721817
2023,xW5prbllQg,Artur,615633.0,-0.0569315624672692,-0.0430704169149528,-0.050000989691111
2023,0Oq6wjLrQ6,Jake Mulraney,338777.0,-0.04272660580425169,-0.0578961883890067,-0.0503113970966292
2023,gpMOoLXyMz,Mender García,322313.0,-0.0403385023220567,-0.0604197511558222,-0.05037912673893945
2023,eVq3j1dD5W,Eric Remedi,450000.0,-0.05513351164324999,-0.0464705706831135,-0.050802041163181745
2023,gpMOaajrqz,José Mauri,179000.0,-0.06826817787176853,-0.0336286398319003,-0.050948408851834416
2023,XVqKelKaM0,Benji Michel,121303.0,-0.05583288338985791,-0.0461805767527398,-0.051006730071298856
2023,zeQZJxR1QK,Eric Miller,168000.0,-0.04660376867286418,-0.0557975839646945,-0.05120067631877934
2023,2vQ14B6Kqr,José Andrés Martínez,276250.0,-0.053554994713667585,-0.0501059554238493,-0.051830475068758444
2023,p6qb0K3M0G,Tosaint Ricketts,84000.0,-0.03528865707563881,-0.0685028902569787,-0.05189577366630875
2023,0x5gLm2bq7,Jackson Hopkins,65833.0,-0.059472865275541735,-0.0444386061959178,-0.05195573573572977
2023,XVqKeYLNM0,Joshua Atencio,88557.0,-0.04989852500075177,-0.0546443812255236,-0.05227145311313769
2023,gpMOaDz1qz,Joey Dezart,89716.0,-0.04401397133199678,-0.0608005469655463,-0.05240725914877154
2023,0Oq632k7Q6,Danny Leyva,129423.0,-0.046416274722732166,-0.05876537392661,-0.05259082432467108
2023,N6MmorYxqE,Aidan Morris,172000.0,-0.05455778517361384,-0.0508117318228648,-0.05268475849823932
2023,9vQ2kxaMK6,Collen Warner,84000.0,-0.05168750795118092,-0.0540819852113066,-0.05288474658124376
2023,0Oq6w947Q6,Michael Baldisimo,109292.0,-0.04962242117551685,-0.056368553359497,-0.05299548726750693
2023,4wM4aBOp5j,Mohammed Adams,150000.0,-0.04590363036562993,-0.0605665266374972,-0.05323507850156357
2023,9vQ2Zrj1QK,Ifunanyachi Achara,84000.0,-0.04364016896785458,-0.0633702053164838,-0.05350518714216919
2023,EGMPZpX6qa,Nnamdi Chinonso Offor,209396.0,-0.043572431448742614,-0.0648577093664394,-0.05421507040759101
2023,gpMOoOpOMz,Bryce Duke,122000.0,-0.04393693706999825,-0.0658203242273563,-0.054878630648677276
2023,4wM4J8bNqj,Owen Wolff,78553.0,-0.038530665452263066,-0.0713549779051643,-0.054942821678713685
2023,EGMP1jAA5a,Frankie Amaya,381406.0,-0.04629459993287978,-0.068780214477136,-0.05753740720500789
2023,9vQ2ZjbmQK,Jayden Nelson,136586.0,-0.032311910800545185,-0.0861569426887124,-0.059234426744628796
2023,xW5pKvlMg1,Gonzalo Higuaín,5793750.0,-0.04794599289374164,-0.0715017614626524,-0.05972387717819702
2023,kRQaoNZj5K,Miguel Berry,120000.0,-0.05565424704374455,-0.066116694036483,-0.06088547054011377
2023,zeQZXr4g5K,Franco Ibarra,520000.0,-0.0625030151337512,-0.0614402457105484,-0.0619716304221498
2023,e7MzJ3m6Mr,Federico Navarro,277504.0,-0.057948485119249986,-0.0684491215850462,-0.06319880335214809
2023,NWMWlEAD5l,Edwin Cerrillo,145000.0,-0.057682176023136064,-0.0687410808768018,-0.06321162844996893
2023,KAqB9ryV5b,Stanislav Ivanov,359000.0,-0.04313130821227482,-0.0843195245667919,-0.06372541638953336
2023,wvq9pBZm5W,Oriol Rosell,475000.0,-0.055687415520557663,-0.072078528883747,-0.06388297220215233
2023,0x5gLpbwq7,Caden Clark,331850.0,-0.04449659614602015,-0.0839118242850667,-0.06420421021554343
2023,NWMWlX6K5l,Andrés Perea,248500.0,-0.0664010500407281,-0.0621723669187245,-0.0642867084797263
2023,a35rK94AqL,Corey Baird,471031.0,-0.04498376840137795,-0.0857207394595581,-0.06535225393046803
2023,0x5gPK4Xq7,Darwin Cerén,240000.0,-0.07410834641529214,-0.0579974199658433,-0.06605288319056772
2023,zeQZJX6KQK,Victor Ulloa,250000.0,-0.06233008866068664,-0.0699196931639771,-0.06612489091233187
2023,0Oq6wxj6Q6,Judson,425000.0,-0.07311214036881207,-0.0680473727924624,-0.07057975658063723
2023,vzqo71lNqa,Nick Besler,210000.0,-0.06393132880853311,-0.0773447618013753,-0.07063804530495421
2023,0x5gPGKPq7,Remi Walter,800000.0,-0.08166855629837669,-0.0615015389203653,-0.071585047609371
2023,Vj58WzzJM8,Leonard Owusu,401250.0,-0.06408374938601244,-0.080645723030107,-0.07236473620805972
2023,2lqRRvNxqr,Scott Caldwell,205000.0,-0.06269349318979105,-0.0843442635280429,-0.07351887835891698
2023,gpMOzd8rQz,Everton Luiz,570833.0,-0.07361810864502162,-0.0782471621575933,-0.07593263540130746
2023,p6qbenoB50,Ethan Finlay,350000.0,-0.06742073679754232,-0.0934552025791542,-0.08043796968834827
2023,aDQ0PjnGQE,Tommy McNamara,240000.0,-0.08488724397555525,-0.0760980403532067,-0.08049264216438098
2023,OlMle0OR5L,Leon Flach,263750.0,-0.10011586051862369,-0.0771194913460939,-0.0886176759323588
2023,BLMvlPy3qx,Russell Teibert,449375.0,-0.08916870432610205,-0.1052596507396146,-0.09721417753285833
2023,KAqB9KxB5b,Tah Brian Anunga,176000.0,-0.07613050188925426,-0.1194487575897025,-0.09778962973947838
2023,0Oq6lLZgM6,Maximiliano Urruti,661250.0,-0.08852634805515716,-0.1104510544081087,-0.09948870123163293
2023,NWMWVA9NQl,Khiry Shelton,350000.0,-0.09476225621745313,-0.1111972217021319,-0.10297973895979251
