player_id,player_name,season_name,pt_projection,offensive_goals_added_proj,offensive_goals_added_90_proj
4JMA9R42MK,Adam Buksa,2023,1548.0,2.5375714539214895,0.14753322406520286
vzqorrRk5a,Carles Gil,2023,2746.5,4.34770231668898,0.1424697646102342
Oa5wVzeWM1,José Cifuentes,2023,2588.0,3.4408867354920667,0.11965989420181067
eV5D9A9qKn,Sebastián Blanco,2023,1886.5,2.4132615260839576,0.11513042000930622
KAqBrrVqbg,Darwin Quintero,2023,1753.25,2.222768006687659,0.11410187971018926
Oa5wY8RXQ1,Hany Mukhtar,2023,2814.5,3.5232570750396963,0.11266410970103842
gpMOa0lnqz,Luiz Araújo,2023,2010.75,2.208433963645962,0.09884821918594384
p6qbOeRXQ0,Jordan Morris,2023,1799.25,1.9173232924582508,0.0959061255085411
2lqRk3lnQr,Keaton Parks,2023,1821.25,1.8828022088238832,0.0930417014655591
EGMPVykqaY,Andreu Fontàs,2023,2700.75,2.713879465887253,0.09043752732753968
Oa5wJkgM14,Carlos Vela,2023,2250.5,2.226037800111427,0.08902172939792422
7VqGj7ee5v,Lassi Lappalainen,2023,1795.5,1.7219034480320627,0.08631094977604324
gjMNReABMK,Marcelino Moreno,2023,2203.0,2.030035330350053,0.08293380832115513
KXMeklJ1q6,Valentín Castellanos,2023,2162.0,1.9357863934438397,0.0805831523635271
315VXoL7Q9,Emanuel Reynoso,2023,2592.0,2.320307698007633,0.08056623951415393
kRQabvYbMK,Walker Zimmerman,2023,2554.75,2.280350817803319,0.08033332952433653
odMXRxV2qY,Denis Bouanga,2023,1177.25,1.030250737949141,0.07876200162703138
gOMnRPxXMw,Michael Barrios,2023,2113.0,1.8274529000918034,0.07783755845161491
OlMl9jG05L,Cory Burke,2023,1516.75,1.2632110469162778,0.07495565796767101
eVq3xXL6QW,Brian Rodríguez,2023,1228.25,1.0219765527665954,0.07488531630286471
aDQ0PwXWQE,Efrain Álvarez,2023,1635.0,1.296811895401414,0.0713841410312705
kRQa22abMK,Bill Tuiloma,2023,2271.5,1.7937348152188994,0.07107027663204972
9vQ22nALQK,Daniel Ríos,2023,1383.0,1.0902348525846335,0.07094803812915186
2vQ14d4xqr,Riqui Puig,2023,1335.5,1.046084552424928,0.07049615104323739
eV5DWXJMKn,Chicharito,2023,2472.5,1.9196232350618332,0.06987506214583013
0Oq6ENn256,Danny Musovski,2023,1024.75,0.7744012946485003,0.06801279972516715
e7MzZprjMr,William Agada,2023,1251.5,0.8953265536761845,0.06438624836664532
0Oq6wv26Q6,Jonathan Lewis,2023,2073.5,1.4733057410501849,0.06394864562069767
Pk5LedyLqO,Thiago Almada,2023,2466.5,1.7392238634882524,0.06346245599592244
ljqE2VkOQx,Luciano Acosta,2023,2700.25,1.8685852357670347,0.062280407821139944
Pk5LgAwOMO,Juan Hernández,2023,1583.75,1.0744657451221677,0.061058826873556495
a35rlRnwQL,Francisco Calvo,2023,1546.25,1.0476875481343304,0.06098100522689716
KPqjzJ2q6v,Maximiliano Morález,2023,2548.25,1.7111208056517027,0.060433973318415865
KPqjoVdYQ6,Romell Quioto,2023,1970.25,1.3198478799595037,0.0602899678702476
wvq9pAjl5W,Ryan Hollingshead,2023,2482.75,1.6130057452451396,0.058471661291738024
9z5ka8adQA,Ryan Gauld,2023,2098.75,1.3633286409164416,0.05846316983084204
Oa5wAaRjQ1,Talles Magno,2023,2106.25,1.3667344346634558,0.05840052183725152
9Yqd6yrkMv,Sergio Santos,2023,1356.75,0.8696690333588263,0.05768948811667173
Vj58lyym58,Emerson Rodríguez,2023,981.5,0.6238098063957709,0.05720110298076351
KXMe4l1Q64,Alejandro Bedoya,2023,2648.25,1.650440099245676,0.05608972299900343
gOMnYZnAQw,Mamadou Fall,2023,1591.25,0.9888274965502432,0.05592739964777495
Oa5wYKEXQ1,João Paulo,2023,1466.75,0.9092858557108581,0.05579391649154745
gpMOz1KyQz,Diego Rubio,2023,2304.5,1.3924766414901681,0.054381817198574586
e7Mz9GBOQr,Mikael Uhre,2023,1977.5,1.1515738645108928,0.052410441368384506
aDQ0PnvBQE,Djordje Mihailovic,2023,2463.0,1.4299204595538915,0.052250443101847434
ljqE83Y5x0,Anton Tinnerholm,2023,1530.25,0.8660856608430043,0.05093789215871288
315VXPJEQ9,Julio Cascante,2023,2839.25,1.5813300389085088,0.05012580910513896
2lqRk1raQr,Kamal Miller,2023,2525.0,1.329996534014116,0.04740581705396849
BLMvlgGAqx,Alex De John,2023,767.5,0.38718792046568545,0.04540314376796311
p6qbOD1bQ0,Eddie Segura,2023,1362.75,0.6619743391736503,0.04371872355577218
KAqB49JMbg,Gareth Bale,2023,845.0,0.40941575418739,0.04360641168859775
gOMnR0wlMw,Julian Gressel,2023,2509.75,1.1673209310535548,0.04186029835434602
vzqo7j3Jqa,Niko Hansen,2023,691.25,0.31050176590431705,0.0404269930291335
raMyAZR2Md,Cristian Roldan,2023,2327.0,1.0426639427967324,0.04032649542402489
N6MmoXVxqE,Santiago Rodríguez,2023,2374.5,1.057456423594709,0.04008047088798644
XVqKeBkKM0,Jacob Shaffelburg,2023,1409.75,0.6234776704926672,0.03980350441166167
kRQay0LQKZ,Andy Najar,2023,1931.25,0.8535100718251991,0.03977522664816462
KPqjKkPNQ6,Brandon Bye,2023,2613.75,1.1538617611740383,0.03973125146079902
vzqorjWv5a,Alexander Callens,2023,2678.5,1.1805305975055105,0.03966688585980808
NWMWnVEQlz,Lorenzo Insigne,2023,1263.5,0.5470383894435943,0.03896593197461297
9vQ229oLQK,Erik Thommy,2023,1211.0,0.5234202560350385,0.03889993645181954
gpMOpB15zy,Fredy Montero,2023,1627.75,0.6773624744673972,0.037452079681809705
Vj58zZ2Q8n,Michael Bradley,2023,2941.75,1.2101964550588291,0.037024791690420535
315VXyJXQ9,Andrew Gutman,2023,2119.25,0.8703543068332777,0.036962079799455
a35rKGpLqL,Dániel Sallói,2023,2598.75,1.0632479067676035,0.036822438329613974
KAqB9DZX5b,Richie Laryea,2023,1591.75,0.630968957124011,0.03567595799664582
KAqB9bKv5b,Joel Waterman,2023,2568.75,0.9934017589844802,0.03480531710310588
eVq3YXGMWO,Danny Wilson,2023,2362.0,0.9128406344877925,0.03478224263501326
gOMnBnmMwN,Johnny Russell,2023,2621.75,0.9946416966290419,0.034144274891432735
EGMPlOjkMa,Felipe Mora,2023,1187.0,0.44853216063326384,0.03400833568407224
KXMekOprq6,Sebastián Driussi,2023,2628.25,0.987718996369537,0.03382277548682901
jYQJa3zDqG,Jhon Durán,2023,1650.5,0.5999908153355555,0.0327168575463193
2vQ1LYxbqr,Paul Arriola,2023,2374.75,0.8597016098402488,0.03258159590930514
KAqB9XzA5b,Alan Franco,2023,2571.75,0.9092425402546219,0.031819511469978023
BLMvXJOqxe,Shea Salinas,2023,1018.25,0.35971813625912796,0.031794384741783956
2vQ1N6yLMr,Giacomo Vrioni,2023,709.25,0.24475866300117216,0.03105855434628903
vzqozAB5ap,Gustavo Bou,2023,2026.25,0.688405618877933,0.030576930634923612
jYQJaaBdqG,Jack McGlynn,2023,1402.25,0.47594936057146614,0.030547650170391835
KAqBjWZBqb,Jonathan Osorio,2023,1905.25,0.6348054138571767,0.029986871668886448
Xj5Y8R7AMb,Cristian Arango,2023,2293.0,0.7619924809423252,0.029908121798870153
0Oq6l8YgM6,Romain Métanire,2023,1226.5,0.40649447438861286,0.029828375617590833
gjMNrbKMKp,Christian Benteke,2023,953.75,0.31394633282255635,0.029625342022574126
xW5prK4BQg,Ariel Lassiter,2023,1582.5,0.5208074318282517,0.02961938000918967
Pk5Lgax7MO,Robbie Robinson,2023,1126.5,0.3704128288263668,0.029593568215155804
jYQJ129ZqG,Boris Sekulic,2023,2673.5,0.8566149418954536,0.028836859835642725
eV5DLDVJ5K,Eryk Williamson,2023,1406.75,0.4222886563021691,0.02701686800582564
eVq3jyYV5W,Justen Glad,2023,2673.0,0.8010949363847546,0.026972893480968166
gOMnR0BmMw,Erik Holt,2023,1183.0,0.3521025752583235,0.02678717816842698
4JMAam67MK,Taxiarchis Fountas,2023,1709.75,0.5016685481882089,0.026407468540394094
2lqRRZy2qr,Ilie Sánchez,2023,2890.5,0.8451060393441193,0.026313628625141233
NWMWXylK5l,Matt Hedges,2023,2247.75,0.638025717950491,0.025546575293312952
2vQ1Nv7LMr,Rándall Leal,2023,2309.5,0.6534267947255085,0.02546369843052425
eVq3xeNXQW,João Moutinho,2023,2268.0,0.6406867005529718,0.025424075418768722
jYQJzWGyQG,Miles Robinson,2023,1512.5,0.4236346868296664,0.0252080144229223
e7Mz913GQr,Aaron Long,2023,1990.0,0.5475834094858661,0.02476507882096882
vzqorGW75a,Gastón Brugman,2023,1565.75,0.42975838408325806,0.024702701304482343
BLMvzKKjMx,Andrew Brody,2023,2554.0,0.6968882637867233,0.02455753474581249
Oa5wYLD9Q1,Robin Jansson,2023,2291.75,0.6176835028500235,0.024257233667067574
vzqo4GNQap,Graham Zusi,2023,2042.25,0.5469979742822334,0.024105676428155715
KAqBNEpWqb,Leonardo Campana,2023,1799.0,0.4768381692437441,0.023855161329592534
eVq3apWvMW,Pedro Santos,2023,2483.0,0.6564717946795899,0.02379478917485425
0x5gXlrq7O,Roger Espinoza,2023,2082.0,0.545752747641138,0.023591617333190405
NPqxmgXkQ9,Daniel Steres,2023,1566.75,0.4069279184921848,0.023375466835357673
jYQJNEyQGR,Haris Medunjanin,2023,1206.0,0.31043225409672226,0.023166586126621064
jYQJa7wWqG,Gabriel Pereira,2023,1802.0,0.44828355947452203,0.022389300972645385
aDQ0avK3ME,Steve Birnbaum,2023,2524.25,0.6277742960243066,0.02238276186676739
ljqELmeo5x,Ousseni Bouda,2023,623.0,0.1541416807691745,0.022267658538082994
zeQZJ7YgQK,Rudy Camacho,2023,2721.5,0.6693322110197416,0.02213481498871091
EGMPZ36rqa,Luke Haakenson,2023,973.5,0.2288539037458205,0.021157525770029634
XVqKeYOKM0,Kai Wagner,2023,3161.0,0.7361591814357173,0.020959926076942286
p6qbeZ1p50,Robin Lod,2023,2421.75,0.5551868833451847,0.02063252585983963
2lqRk3NWQr,Kyle Duncan,2023,1597.0,0.36562725153113573,0.02060516758785361
2vQ1XX0qrA,Domenico Criscito,2023,1475.0,0.33726806712093993,0.02057906850229464
2lqRkPknQr,Tommy Thompson,2023,1427.75,0.3184959457773521,0.020076788737497242
OlMleawP5L,Carlos Terán,2023,1690.0,0.3725796227002321,0.01984151836865141
4JMAaRwPMK,Héctor Herrera,2023,1079.75,0.23037012823140127,0.01920195558307582
KPqj7daPQ6,DeJuan Jones,2023,2717.25,0.5602201825985473,0.018555457331445122
9z5k7rej5A,Brandon Vázquez,2023,2337.75,0.4725526378545867,0.01819259433511402
Xj5Y6ldEqb,José Antonio Martínez,2023,2467.0,0.49181088628858893,0.01794202665827848
4wM4JmKAqj,Santiago Moreno,2023,1987.5,0.38771988394230517,0.017557126820028916
gOMnYzdxQw,Tsiki Ntsabeleng,2023,1220.0,0.2334615289593298,0.01722257180847515
OlMl9NoE5L,Nuno Santos,2023,638.75,0.1197576625321628,0.016873878086723526
0x5gvyXM7O,Jonathan Mensah,2023,2625.25,0.48618159263154037,0.016667495795386584
wvq9p9y15W,Alan Benítez,2023,993.5,0.18014121924837143,0.016318781814145374
vzqodgRYQa,Ibrahim Sunusi,2023,890.0,0.1567067440214822,0.015846749395430786
Xj5Y6bvaqb,Rayan Raveloson,2023,2003.25,0.3491364638643755,0.01568565168990081
Vj58WXb2M8,Olivier Mbaizo,2023,2102.5,0.36045474445101217,0.015429691795762708
eVq3zwj5WO,Christian Fuchs,2023,2107.25,0.35843731622744796,0.015308747638139907
OlMl9GgN5L,Nathan,2023,2212.5,0.3761858707351243,0.01530247609769997
vzqoJzL75a,Nicholas Markanich,2023,611.0,0.0997731035022412,0.014696529157449604
p6qb0L4M0G,Ruben Gabrielsen,2023,3017.0,0.48590886420866986,0.014495126873974242
N6Mm78LWqE,Rafael Czichos,2023,2429.0,0.3900290208161685,0.014451466395000069
jYQJad7DqG,Siad Haji,2023,530.0,0.08504912301963727,0.014442303908995008
vzqo7joZqa,Teenage Hadebe,2023,1915.25,0.29981875803938446,0.014088859534548807
raMyyJaAMd,Paul Marie,2023,1980.5,0.30519197276973514,0.013868860161209877
aDQ0PGdGQE,Handwalla Bwana,2023,538.25,0.08041578889381248,0.013446207153633299
wvq9gNglMW,Thomas Edwards,2023,1980.5,0.2942553751006484,0.013371867588517222
vzqo7onNqa,Zachary Brault-Guillard,2023,1435.25,0.2122745177387035,0.013311065386854774
wvq9gPmNMW,Jack Elliott,2023,3143.0,0.46348818038935286,0.013272012801476855
2lqRpEnMr0,Franco Jara,2023,1428.0,0.20124598377241404,0.012683570405824416
gpMOorbDMz,Juan Sánchez,2023,1703.0,0.23569491268051967,0.012455984815764399
zeQZJaarQK,Erik Godoy,2023,1120.75,0.15350322374638978,0.012326825908699603
4JMAaoa7MK,Héctor Jiménez,2023,1276.25,0.17380312042779816,0.012256439442508784
Xj5Y44KGMb,Adilson Malanda,2023,946.25,0.12763465053841322,0.01213962330087946
wvq9eWbBqW,Deandre Kerr,2023,1576.25,0.20513131745588228,0.011712493938797402
e7MzXrOqr0,Víctor Vázquez,2023,1591.0,0.20076438084092385,0.011356878865922782
KAqBjYjvqb,Derrick Williams,2023,2161.25,0.2724933451948425,0.011347322645476379
jYQJ1PaVqG,Antônio Carlos,2023,2147.0,0.2686217567138452,0.011260343783999099
OlMlnxlDqL,Tristan Blackmon,2023,2035.5,0.25097663949277943,0.011096977427831074
ljqE2PwVQx,Memo Rodríguez,2023,1753.0,0.21482971982399626,0.011029477914523482
N6MmWAYwqE,Noel Buck,2023,744.5,0.08990444317815288,0.010868233560824392
BLMv7DLA5x,Darren Yapi,2023,667.25,0.07614693864764638,0.010270849723923827
zeQZX6OY5K,Diego Palacios,2023,2486.5,0.2826224182061499,0.010229647150031568
odMX7aKWQY,Marinos Tzionis,2023,1184.0,0.13422146489985207,0.010202645135968486
7VqGjZZA5v,Brent Kallman,2023,1681.0,0.18728436041445257,0.01002712221136272
a35rKYrAqL,Aaron Herrera,2023,2509.5,0.27236374672556524,0.00976797657114998
eV5DLedE5K,Latif Blessing,2023,1860.0,0.20059694827003452,0.009706303948550057
eVq3Z3D5WO,Giorgio Chiellini,2023,1130.75,0.1180690664185943,0.00939749367912756
vzqodD8ZQa,Arquimides Ordonez,2023,575.75,0.05818262687877142,0.009094982925035914
vzqo71rBqa,Auston Trusty,2023,2137.0,0.20947951625999925,0.008822253843425332
9z5karAKQA,Nick Hagglund,2023,2551.5,0.24938721697151853,0.008796727230035927
9z5kamgdQA,Jimmy Medranda,2023,1228.0,0.11977215301982184,0.008778089390703554
4wM42Belqj,Marco Delgado,2023,2615.5,0.25488528120880455,0.008770665382830209
e7Mz9DgGQr,Jack Price,2023,1821.0,0.1769903551300739,0.008747464009723586
xW5pro36Qg,Sergio Córdova,2023,2393.0,0.23214535147141266,0.008730915851411258
wvq9eY8YqW,Robert Voloder,2023,1091.0,0.10339023544609757,0.008528983675663411
jYQJamlEqG,Bongokuhle Hlongwane,2023,1873.25,0.1711208069415382,0.008221472107160515
aDQ0NjkG5E,Gabriele Corbo,2023,1451.0,0.1267410516153612,0.007861264400677125
zeQZ7D3xMK,Patryk Klimala,2023,1991.75,0.17092857761264416,0.007723646032452855
7vQ73NxYQD,Kelyn Rowe,2023,1852.25,0.15413208789703176,0.007489209291798006
0x5g2LVRM7,Ronald Matarrita,2023,1186.5,0.09636315713670413,0.007309468303669087
eV5D0G2Z5K,Alvas Powell,2023,1776.25,0.14015542344387477,0.0071014711386059
4wM4JlEyqj,Kervin Arriaga,2023,2083.25,0.15413353998757792,0.0066588352808746015
9vQ22jRLQK,Daniel Lovitz,2023,2673.5,0.18711372819942904,0.006298947274340233
9vQ22pVaQK,Matt Polster,2023,2303.0,0.1530852864787559,0.005982490570164148
wvq90Ym5Wn,Xherdan Shaqiri,2023,2342.0,0.15519252278960613,0.005963845880044642
Xj5Y87GAMb,Yordy Reyna,2023,1226.5,0.08102939747883292,0.005945899529633072
KPqjnyNq6v,Damir Kreilach,2023,1531.75,0.0995599522970683,0.005849776860934321
KAqBNL8mqb,Nathan Harriel,2023,1560.0,0.10086727383895897,0.005819265798401478
p6qboeJDQ0,Damian Rivera,2023,745.0,0.046374674074977904,0.005602309619795988
raMyrrNJ5d,Bode Davis,2023,632.75,0.03921582209526488,0.005577912269575407
NPqxmbKZQ9,Franco Fragapane,2023,2065.0,0.12672321768164604,0.005523045806948254
KXMeO1kXq6,Gedion Zelalem,2023,645.5,0.03832151362990499,0.005343046052194345
4wM4a9Gl5j,Adalberto Carrasquilla,2023,1981.75,0.1159568505959285,0.005266111544661822
gjMNvrO4MK,Steven Moreira,2023,2185.25,0.12574958472748857,0.005179024196533107
a35ryXO2ML,Luis Díaz,2023,1604.25,0.0900078022855561,0.0050495260749260085
Pk5L1Gk7qO,Carlos Salcedo,2023,1487.0,0.08259933636545927,0.004999287338864381
9z5k71be5A,Dave Romney,2023,2811.75,0.15439885050106553,0.004942081104328585
7VqG376xqv,Thorleifur Úlfarsson,2023,1532.75,0.07964756521855329,0.004676744981027432
4JMAoJgYqK,Cade Cowell,2023,1810.25,0.09365245336361967,0.004656108715771728
9z5k7zAl5A,Marcus Godinho,2023,1111.0,0.054841697627453855,0.004442621770000762
eVq3jJV65W,Sega Coulibaly,2023,2185.5,0.1067295397786926,0.00439517665526531
4JMAolz1qK,Daniel Pereira Gil,2023,2189.0,0.1042936963347878,0.0042880003061356335
a35rK9XoqL,Jefferson Savarino,2023,1810.25,0.08455664347486197,0.004203893336686965
XVqKejm0M0,John Tolkin,2023,2635.0,0.1200286949505792,0.004099651819943882
XVqKYGbWM0,Bobby Wood,2023,1229.75,0.05265192265245726,0.0038533629101208805
gOMn66nAMw,Alexander Ring,2023,2918.25,0.12063206065480318,0.0037203411150286254
OlMlrpyAqL,Lucas Cavallini,2023,1680.0,0.06497783692394861,0.003480955549497247
e7MzZ63OMr,Bernard Kamungo,2023,519.5,0.019371083771810224,0.003355914416675496
KAqBwAWQbg,Sacha Kljestan,2023,1165.25,0.04255173741854429,0.0032865534157210776
2lqRR8gnqr,Jean Mota,2023,2732.75,0.09617044822134253,0.0031672638696993243
gOMn6oPAMw,Federico Bernardeschi,2023,1401.5,0.04696593342677861,0.0030160071412130393
aDQ0l8j3QE,Vuk Latinovich,2023,670.5,0.021128285383590482,0.0028360114608846285
raMyAZyBMd,Nicholas DePuy,2023,1738.75,0.05354286190688606,0.0027714493582284665
KPqj7jY4Q6,Mark-Anthony Kaye,2023,2051.25,0.05842614095290733,0.0025634869887930086
KPqjodW4Q6,Dairon Asprilla,2023,2168.25,0.058292848297924464,0.0024196270479940976
4JMA1m7MKg,Kelvin Leerdam,2023,1245.75,0.03198504792193226,0.0023107801027283997
EGMPnReVqa,Anderson Julio,2023,1134.0,0.028934118027138866,0.00229635857358245
9YqdkXVO5v,Cristian Tello,2023,622.25,0.015853732202719774,0.002293026754913266
BLMvzPNlMx,Cecilio Domínguez,2023,1290.0,0.0303413819666495,0.0021168406023243836
315Vz8n59x,Ola Kamara,2023,1813.5,0.03966521164153338,0.001968496855659225
XVqKYWG2M0,Alejandro Pozuelo,2023,2242.0,0.04690136025438714,0.001882748627517771
9Yqd2xmMvJ,Felipe Gutiérrez,2023,1165.25,0.02204258209131549,0.0017024950767804284
a35rlyZ4QL,Diego Chara,2023,2638.25,0.04698630477538452,0.0016028683520457145
EGMPxA0MaY,Alexandre Pato,2023,1206.0,0.021230013881323326,0.0015843293941286065
odMXRLKWqY,Claudio Bravo,2023,2389.25,0.03032365838922936,0.0011422535335484534
KPqjKWmyQ6,James Igbekeme,2023,1265.75,0.0147030020217763,0.0010454435567528082
0x5g2xoXM7,Raheem Edwards,2023,2245.25,0.021432411786181844,0.0008591101484272869
eVq3a8XyMW,Ismael Tajouri-Shradi,2023,959.75,0.009075172812661948,0.0008510190707367287
eV5DL18a5K,Jakob Glesnes,2023,3280.5,0.028856098425801793,0.0007916625082524497
0Oq63JA7Q6,Wyatt Omsberg,2023,1398.0,0.007192007984529346,0.00046300480587098793
a35rydwBML,Harrison Robledo,2023,543.5,0.0025747631309269753,0.0004263637199327098
EGMPZXgxqa,Francisco Ginella,2023,1010.5,0.0041447432552486636,0.00036915080947291416
2lqRknk2Qr,Yeimar Gómez Andrade,2023,2532.25,0.0035933125174115385,0.00012771176880917702
odMXRO3xqY,Lalas Abubakar,2023,2445.0,0.0021789356908493663,8.020622174905642e-05
gjMN694KMK,Abdoul Zanne,2023,504.5,-0.000610264907576975,-0.0001088678725112542
0x5gP3gXq7,Matt Miazga,2023,1331.0,-0.0016228342007428523,-0.00010973334189846485
2lqRRkw2qr,Alfredo Morales,2023,2178.0,-0.0034363193012365233,-0.0001419966653403522
7VqG00lAQv,Benjamin Redzic,2023,572.75,-0.0017488241802316208,-0.000274804323388644
Xj5Y6n4Gqb,Sergio Ruiz,2023,1120.25,-0.007210884224831577,-0.0005793167420083392
KAqBjOz4qb,Brad Smith,2023,1597.5,-0.01118379479834784,-0.0006300729463857938
9Yqd6zJLMv,Marcos López,2023,1643.5,-0.013243796738347953,-0.0007252459424711383
4wM4JDRzqj,Harvey Neville,2023,511.25,-0.005458412430027857,-0.0009608941197115055
raMyAGEBMd,Fafa Picault,2023,2469.0,-0.02991842843791998,-0.001090586698830619
9Yqd6zwjMv,Santiago Sosa,2023,1892.75,-0.030438020035118172,-0.0014473236313092778
7VqGjPKj5v,Jhohan Romaña,2023,1191.5,-0.019545255944129206,-0.0014763516869254123
wvq9p10l5W,Yimmi Chará,2023,2728.25,-0.04545486067617027,-0.0014994730911226334
0x5gZDPM7O,Kei Kamara,2023,1961.0,-0.03453786250195254,-0.0015851135263517226
KPqjKLjnQ6,Cameron Harper,2023,969.75,-0.01765784909349338,-0.0016387794982360446
Vj58YwDDq8,Justin Meram,2023,2145.75,-0.03989699383284734,-0.001673414631227431
7vQ7rvNDqD,Cristian Dájome,2023,2230.0,-0.04431463404552954,-0.0017884829883846002
0Oq63P32Q6,Nkosi Burgess,2023,1763.75,-0.0377241586083368,-0.0019249747836996808
7vQ7Bmj8qD,Nicolás Acevedo,2023,2283.0,-0.04949255553965944,-0.0019510862893426849
raMyArxkMd,Zeca,2023,1447.25,-0.03969953849488668,-0.0024687914766210405
xW5pbAlQg1,Maxime Chanot,2023,2192.5,-0.06323516565634373,-0.00259574226183395
2lqRR4Rxqr,Lewis Morgan,2023,2752.25,-0.08012301010978992,-0.00262006391493545
BLMv7L435x,Andrés Reyes,2023,1337.75,-0.03934557509436258,-0.0026470579394450625
xW5pxaa95g,Jesús David Murillo,2023,2722.25,-0.08019688509356737,-0.00265138016656114
aDQ0LoylQE,Griffin Dorsey,2023,1824.5,-0.05493688460730388,-0.002709958681642833
9YqdoZeR5v,Alistair Johnston,2023,2704.75,-0.08265627842013337,-0.002750370665611241
9Yqd6OVEMv,Zach Ryan,2023,551.75,-0.016973032351843224,-0.002768596124451092
zeQZjOPjQK,Daniel Aguirre,2023,731.75,-0.023135812118629095,-0.002845538900822164
KXMekg02q6,Xavier Arreaga,2023,2300.25,-0.07309645544049193,-0.0028599852144959347
gOMnlGZmqw,Mohamed Farsi,2023,590.75,-0.02085627305754833,-0.003177426280455945
0Oq63lbzQ6,Themi Antonoglou,2023,533.0,-0.018835265791867905,-0.0031804388766756312
XVqKG1XWq0,Simon Becher,2023,509.0,-0.018128214666048897,-0.0032053817680636554
KPqjK0kYQ6,Steven Sserwadda,2023,527.75,-0.01985280880087238,-0.0033856045325978473
BLMv7ZBA5x,Álvaro Barreal,2023,2397.5,-0.09506830074513173,-0.0035687787558130787
gpMOoN8OMz,Nicholas Gioacchini,2023,626.0,-0.02546832928175179,-0.003661580887152813
Xj5YLGRGMb,Javain Brown,2023,1994.0,-0.08308866015077468,-0.0037502404280690678
ljqE2eaAQx,Guzmán Corujo,2023,2203.25,-0.09258490274143814,-0.0037819771912989595
7VqG0oaYQv,Abdoulaye Cissoko,2023,987.75,-0.04152595157746589,-0.003783685792935389
N6MmeKWLME,Brooks Lennon,2023,2372.0,-0.1003780519286396,-0.0038086107392822782
2lqRkmAWQr,Jackson Conway,2023,594.75,-0.025405108981897268,-0.0038444048900727265
OlMleY045L,Emiliano Brienza,2023,506.0,-0.022634841164183902,-0.004025959890862749
eV5Dk92mMK,Kendall Burks,2023,654.5,-0.031051531800796638,-0.004269882142202746
0x5gLEGRq7,Oskar Aegren,2023,700.25,-0.03323373214268697,-0.004271382924443881
KAqBNnYXqb,Malte Amundsen,2023,2152.25,-0.10224927275080377,-0.004275727516586056
jYQJzy1EQG,Dylan Teves,2023,590.75,-0.029235300571164195,-0.0044539603070753745
7vQ7Bvx8qD,Christopher Garcia,2023,506.75,-0.025113148780554373,-0.004460154692155685
7VqGjBpz5v,Jared Stroud,2023,852.0,-0.04391931999054068,-0.004639364787733171
XVqKejrWM0,Sebastian Anderson,2023,517.75,-0.027131189782642635,-0.004716189435901182
gpMOoOjnMz,Kwaku Owusu,2023,509.75,-0.026728897665450627,-0.004719177616263965
EGMPZ0m3qa,Juan Mosquera,2023,663.5,-0.03565035285034631,-0.004835767530566945
eVq3xb9XQW,Daniel Trejo,2023,544.25,-0.029308225152720704,-0.0048465599701329595
0x5g2pW7M7,Shaquell Moore,2023,1302.5,-0.07180554761279122,-0.004961611735240852
7vQ7xgKOMD,Sergio Oregel Jr,2023,511.25,-0.02945225043143267,-0.0051847482422081965
0Oq63Ym2Q6,Ryan Spaulding,2023,719.75,-0.04202354487297206,-0.005254767681233047
0x5gNXPM7O,Martín Cáceres,2023,995.75,-0.05937927660846116,-0.00536694440849762
a35ryB2AML,Alex Monis,2023,508.75,-0.030576276839595965,-0.005409071087102971
XVqKeEmBM0,Facundo Torres,2023,2676.5,-0.16464408206534217,-0.005536322580190845
KXMe8gzPQ6,Luquinhas,2023,2186.0,-0.13669627022264352,-0.005627934272661444
0Oq63oxzQ6,Aiden McFadden,2023,1019.75,-0.06486384370424393,-0.005724683435530232
xW5pxRGB5g,Thiago Martins,2023,2494.25,-0.16182691497011348,-0.005839199096846833
aDQ0NNWE5E,Christopher Hegardt,2023,526.25,-0.034440177049938805,-0.00589000652635533
BLMv1GlQxe,Albert Rusnák,2023,2765.5,-0.1852273132800197,-0.006028008748942967
KXMeAPkM64,Dax McCarty,2023,2097.75,-0.1421951812818518,-0.006100615571620385
2vQ1NO0OMr,Jáder Obrian,2023,1859.0,-0.12787608378287116,-0.006190880871682842
kRQabYwjMK,Corentin Jean,2023,568.25,-0.03944608352401727,-0.006247509929012854
zeQZzPgQKw,Danny Hoesen,2023,822.25,-0.05718715791656801,-0.006259463925194431
NPqxADDYQ9,Ali Ahmed,2023,546.5,-0.03837966132273384,-0.006320529769526159
KAqB9aJV5b,Nigel Robertha,2023,1168.0,-0.08209685385236853,-0.0063259562043777124
KXMeke41q6,Robert Taylor,2023,2367.5,-0.16938216863540223,-0.006439026473996284
OlMlezzg5L,Lukas MacNaughton,2023,1981.25,-0.14210813580099155,-0.006455385348688575
9vQ2Zx1xQK,Azaad Liadi,2023,510.5,-0.03687997606658806,-0.006501856701259404
ljqEj8WNQx,Andrew Farrell,2023,2859.25,-0.20789560094735363,-0.006543885314422253
gjMNvjYvMK,Darlington Nagbe,2023,2977.0,-0.21715321069992835,-0.006564927431304519
9vQ22Ap9QK,George Acosta,2023,509.0,-0.03723453087536869,-0.006583708799181105
9vQ2d3X75K,Kellyn Acosta,2023,2560.75,-0.19183560322208443,-0.006742245158640085
4wM4JyWBqj,Thiago,2023,1599.5,-0.12105021661358971,-0.006811203185509893
2lqRjL12qr,Brandan Craig,2023,504.5,-0.03830351477959995,-0.006833134450275512
7vQ73orEQD,DeAndre Yedlin,2023,3045.5,-0.23149843698733033,-0.006841194985670572
aDQ0lkLBQE,Diego Gutiérrez,2023,506.75,-0.03907869913009608,-0.006940469505098466
vzqo7XWpqa,Jackson Ragen,2023,1658.0,-0.13536881224712435,-0.007348126117153916
zeQZ7z3zMK,Ben Reveno,2023,504.5,-0.04142082050525453,-0.007389244490531036
ljqE2ekNQx,Zan Kolmanic,2023,1708.75,-0.14239443224802634,-0.0074999262047241375
eV5Dk7vaMK,Max,2023,1278.5,-0.10876788189220332,-0.007656714407742119
NWMWlaDZ5l,Kobe Franklin,2023,512.75,-0.04445419716711034,-0.007802784485694647
7VqG00yjQv,Adam Armour,2023,581.75,-0.0512113467323628,-0.007922683637151099
gpMOa627qz,Tony Alfaro,2023,1535.5,-0.13517554380345287,-0.007923021128173727
gpMOoa2RMz,Chris Kablan,2023,524.75,-0.04772579866539268,-0.008185463325174542
gOMnlrDeqw,George Campbell,2023,1485.5,-0.13603608095880557,-0.008241835938264894
Xj5Y68Olqb,Daniel Gazdag,2023,2730.75,-0.2522864894147099,-0.008314852713475745
4JMAoJNkqK,Jonathan Perez,2023,514.25,-0.047682912896213334,-0.008345089276926008
OlMl9gDP5L,Kim Moon-Hwan,2023,1039.5,-0.09666005774818803,-0.008368836168674287
jYQJOaZMGR,Osvaldo Alonso,2023,1103.0,-0.10263928990051031,-0.008374919393513989
315VelRbM9,Joevin Jones,2023,719.0,-0.0690638226840365,-0.008644984758780647
zeQZXXm15K,Jacob Davis,2023,504.5,-0.04852852466625427,-0.008657219464743082
e7Mzl0nXqr,Miguel Trauco,2023,608.0,-0.05868155787323137,-0.008686414816761223
BLMv7E4X5x,Lucas Esteves,2023,2006.75,-0.19477285198605726,-0.008735296712966314
p6qbOkywQ0,Pablo Ruiz,2023,2495.5,-0.24346602531585043,-0.00878058195889663
KXMe8EJ6Q6,Pedro Vite,2023,1493.0,-0.1460833336808325,-0.008806095131463448
7VqG08vjQv,David Ayala,2023,1139.0,-0.11171612016105886,-0.008827437062770234
4wM4JGblqj,Sean Nealis,2023,2894.0,-0.2839380288327344,-0.008830139113664858
0x5g2XBjM7,Jaylin Lindsey,2023,1678.75,-0.16572473058241013,-0.008884721222586395
Vj58w7RmM8,Alex Roldan,2023,2558.5,-0.2529649750813811,-0.008898513878180301
gpMOyGlqzy,Kevin Molino,2023,915.5,-0.0906826205627342,-0.00891473058508583
raMyeneJMd,Ryan Sailor,2023,1795.25,-0.1812290043087599,-0.009085425644221356
9Yqdoey95v,Jan Sobociński,2023,827.0,-0.08362402821329241,-0.009100559297698086
BLMv7ygB5x,César Araujo,2023,2594.75,-0.26322495686937153,-0.009130068838324863
eVq3xvygQW,Tega Ikoba,2023,524.0,-0.05402831662300309,-0.009279672702424196
odMXjX2qYL,Kieran Gibbs,2023,1043.25,-0.10866237175785645,-0.009374180166026437
2lqRjkEJqr,Logan Ndenbe,2023,1948.25,-0.20382076372513172,-0.009415562035294164
KXMe8zRPQ6,Sami Guediri,2023,996.25,-0.10447718327315896,-0.009438340270599052
kRQabOZYMK,Tyler Blackett,2023,1467.25,-0.15443945247381177,-0.009473198652338088
KAqBgZVQbg,Mauricio Pereyra,2023,2516.75,-0.26567840905803836,-0.009500767583281396
N6MmeX2wME,Nacho Gil,2023,662.0,-0.07171952222462606,-0.009750388217849465
wvq9g7AaMW,Tim Parker,2023,2589.5,-0.280774172483782,-0.009758515359544459
gOMn6NBlMw,Yaw Yeboah,2023,1168.25,-0.1267160655292533,-0.009761990924573334
Pk5L1BXPqO,Júnior Urso,2023,2653.0,-0.29170010158360976,-0.009895593344336553
Pk5L6BzZQO,Micael,2023,539.75,-0.05960004437722809,-0.00993794162844007
gjMNRVXYMK,Silvester van der Water,2023,811.75,-0.08981705722517445,-0.009958158485082478
KPqj7dxnQ6,Pierre Reedy,2023,509.0,-0.05687615015144444,-0.010056686667249508
eVq3xXDDQW,Cristian Cásseres Jr,2023,2322.5,-0.2627727947696951,-0.010182799366748142
eV5DL1xR5K,Sean Zawadzki,2023,738.5,-0.08386562120147995,-0.010220590261520914
2lqRkbN4Qr,Paul Rothrock,2023,531.5,-0.060362498693250076,-0.010221307398668875
zeQZJX1KQK,Zarek Valentin,2023,1361.75,-0.15566469139512917,-0.010288101505828255
gpMOzy4nQz,Damion Lowe,2023,2528.75,-0.289541006615459,-0.01030496909358035
BLMvly1Oqx,Milos Degenek,2023,2374.25,-0.2729608423815086,-0.010347046778703073
NWMWVe1KQl,Edwin Munjoma,2023,690.0,-0.07976905291807555,-0.010404659076270724
odMXR02JqY,D.J. Taylor,2023,1876.5,-0.21920842285397357,-0.010513593422252929
KXMe3y6vq6,Brooklyn Raines,2023,530.0,-0.06250455555731385,-0.010613981132374049
wvq9eZdYqW,Benjamin Kikanovic,2023,1473.0,-0.1745729039662984,-0.010666368877777907
e7Mzlg8Xqr,Hassan Ndam,2023,539.0,-0.06486781718321162,-0.010831360939682831
eV5DLWdm5K,Ronald Hernández,2023,1088.75,-0.1314238847399434,-0.010863972102498192
7VqG0XxeQv,Hugo Mbongue,2023,516.5,-0.06272091838566274,-0.010929104849389441
kRQaoj6O5K,Dylan Borrero,2023,995.0,-0.12141556664930943,-0.01098231256124407
p6qbomNwQ0,Caio Alexandre,2023,810.5,-0.09906293301863404,-0.011000202309286939
OlMle3AD5L,Thomas Williams,2023,649.25,-0.07935446385671978,-0.01100023372676901
2vQ14E3lqr,Gaoussou Samake,2023,598.25,-0.07383622296029345,-0.011107831285292788
315V7EGvq9,Ismael Koné,2023,1938.5,-0.24005589629639063,-0.011145231192507174
7VqG0ZGYQv,Diego Luna,2023,782.0,-0.09865307499353915,-0.011353934462172026
BLMv6ZyRMx,Niko Tsakiris,2023,810.5,-0.10229074024163612,-0.011358626306905923
4JMA1yOMKg,Victor Pálsson,2023,1204.25,-0.15225232307148476,-0.011378624933721094
N6MmeGvRME,Edison Flores,2023,1219.0,-0.1544382598766611,-0.01140233255857219
2lqR7aKLQr,Jake Davis,2023,513.25,-0.06518938599751058,-0.011431163643012082
0Oq6wjlzQ6,Jack Skahan,2023,643.75,-0.0827424329084071,-0.011567874115350119
XVqKWA9Bq0,Zico Bailey,2023,726.5,-0.09528973790801296,-0.011804647504089699
wvq9ppPN5W,Doneil Henry,2023,744.5,-0.09940911646615451,-0.012017220257829288
9vQ22OOoQK,Jackson Yueill,2023,2666.5,-0.35624242269369527,-0.012023933261741076
raMy4ylQd2,Omar González,2023,1554.5,-0.20836307871098506,-0.012063478342868224
vzqo78BJqa,Omir Fernandez,2023,1566.75,-0.2104310860860575,-0.012087951330936765
gpMOa6zrqz,Derrick Etienne,2023,2213.5,-0.2978745674836077,-0.012111457453591457
jYQJzo8ZQG,Cristián Gutiérrez,2023,1270.0,-0.17117671304389429,-0.012130633207835029
EGMPZOJVqa,Alan Velasco,2023,2215.25,-0.3000128127726611,-0.012188761155417898
vzqo7EpLqa,Anthony Markanich,2023,692.75,-0.09387645108844361,-0.012196146658910034
eVq3jx6G5W,Adrián Cubas,2023,1596.5,-0.21714867875118263,-0.012241391223054456
zeQZ79JKMK,Kimarni Smith,2023,747.5,-0.10182821729577643,-0.012260253587451343
4wM4JkaAqj,Thiago Fernandes,2023,525.5,-0.07166895631025663,-0.012274416875210461
gOMnRxreMw,Andre Shinyashiki,2023,1508.75,-0.20809847267819295,-0.012413496298947715
raMye0jJMd,Matai Akinmboni,2023,594.5,-0.08380765730684227,-0.01268745022307116
jYQJzmgEQG,Alexandru Matan,2023,763.25,-0.10769612282927679,-0.012699182515080133
e7MzAxyGQr,Henry Kessler,2023,2150.75,-0.30381391551472847,-0.012713356920295509
xW5prl1KQg,Dominique Badji,2023,1280.0,-0.18143553579813784,-0.012757186110806567
9Yqd6zYOMv,Steffen Yeates,2023,533.0,-0.07577569953827026,-0.012795146263497793
eVq3jBAv5W,Jeremy Ebobisse,2023,2558.75,-0.36403351646582344,-0.012804305415505271
raMy4eBQd2,Dom Dwyer,2023,1003.25,-0.14302204240771382,-0.012830285389179411
315VkJ1Yq9,Ian Murphy,2023,1790.75,-0.2581740776229005,-0.012975382932325029
4wM4JGRNqj,Joshué Quiñonez,2023,620.75,-0.0895456915501568,-0.012982863051976016
9vQ2dZe15K,Jalil Anibaba,2023,804.0,-0.11608801370420439,-0.012994926907187059
e7Mz9PWjQr,Keegan Rosenberry,2023,2899.25,-0.41944828997579814,-0.013020728153081602
2vQ1N1r4Mr,Gregore,2023,2735.25,-0.3961790527560925,-0.013035779087121223
Oa5wVojBM1,Washington Corozo,2023,552.5,-0.08036855262185459,-0.01309170992935188
4wM4E8Xg5j,Chris Donovan,2023,620.0,-0.09029056506947383,-0.01310669492943975
gOMnlYO6qw,Roberto Avila,2023,650.0,-0.09647197121219966,-0.013357657552458416
NPqxxxgmq9,Dantouma Toure,2023,537.25,-0.07993338808524696,-0.013390423318142813
wvq9bOBQWn,Felipe,2023,1308.75,-0.196457338454455,-0.013509960237555645
kRQaerljQK,Jack Lynn,2023,518.75,-0.07811702287288244,-0.013552832883969966
eV5DzmNmQK,Kipp Keller,2023,769.25,-0.11686670266766805,-0.013673062385557521
gpMOel1Rqz,Justin Rasmussen,2023,1035.5,-0.15736187186480555,-0.01367703376903187
EGMPlpRxMa,Gyasi Zardes,2023,2170.25,-0.3315700837518153,-0.013750170504625446
2vQ1LYY0qr,Emmanuel Boateng,2023,1166.75,-0.1790249177698729,-0.013809507263157111
2lqRkWjJQr,Ruan,2023,2416.25,-0.3741141338307601,-0.013934928937307153
jYQJ1w0GqG,Stuart Findlay,2023,829.0,-0.1286434160688823,-0.013966112721591565
e7MzKKJ5r0,Jan Gregus,2023,1635.75,-0.254415286115357,-0.013998090020102175
aDQ0a8plME,Raymon Gaddis,2023,1447.25,-0.22656730275892106,-0.014089519604976954
315VPoB6Q9,Kayden Pierre,2023,1304.0,-0.20485685145443375,-0.01413889312185509
gOMnldW8qw,Ema Twumasi,2023,2219.75,-0.35291162701929046,-0.014308839478200762
a35rKA2AqL,Mauricio Pineda,2023,2252.75,-0.36006451761273633,-0.014384999039017323
BLMv70kA5x,William Richmond,2023,542.0,-0.08790130072245461,-0.014596156946533052
xW5pw0RGMg,Nabilai Kibunguchy,2023,649.25,-0.10569237919938443,-0.014651234698412936
Oa5wAK7jQ1,Nanu,2023,1571.0,-0.2584049977888494,-0.014803596308718298
a35rKZZwqL,Marvin Loría,2023,1303.75,-0.21464617310089543,-0.014817377241864306
Xj5YLGKxMb,Christopher McVey,2023,3089.0,-0.5302070199421037,-0.015447922238520343
xW5pyyaJqg,Braian Ojeda,2023,899.0,-0.15438069729605364,-0.01545524222096199
KXMe8YjPQ6,Edwin Mosquera,2023,782.0,-0.1348449498516271,-0.015519239752744806
Pk5L6k6PQO,Kwadwo Opoku,2023,1589.0,-0.2777983129883703,-0.015734328614822737
OlMl9ZOw5L,Chase Gasper,2023,1712.0,-0.3022438089295577,-0.015888985282511797
KAqBNnrVqb,Jesús Bueno,2023,530.0,-0.0957588153286912,-0.01626093090487209
jYQJaAbBqG,Edison Azcona,2023,527.5,-0.09535261549672817,-0.016268692691384902
odMX70VAQY,Calvin Harris,2023,736.25,-0.1349698634352871,-0.016498862762887388
OlMlam05Lz,Brek Shea,2023,1053.25,-0.1978857313729003,-0.016909295821088088
Pk5LgPOmMO,Ethan Bartlow,2023,1268.0,-0.23891931229685315,-0.016957995352300304
0Oq6lrerM6,Gastón Giménez,2023,1960.0,-0.3719138736089226,-0.017077677869797463
ljqE2EWkQx,Cristhian Paredes,2023,1835.5,-0.3487766634545883,-0.017101552552935412
ljqEjV8oQx,Nathan Byrne,2023,744.5,-0.14160782804400898,-0.017118474847496047
kRQa2j0LMK,Kyle Smith,2023,1794.25,-0.3419445005491124,-0.0171520161902857
vzqor9jp5a,Johan Kappelhof,2023,1128.0,-0.2153427664117284,-0.017181603703063437
KAqB97xV5b,Victor Bezerra,2023,554.0,-0.10578860579184736,-0.01718587458712322
jYQJznnkQG,Chris Durkin,2023,2356.25,-0.45348984028290373,-0.01732162785165468
p6qbokmpQ0,Jairo Quinteros,2023,732.5,-0.14249217936004946,-0.01750757152546683
Xj5Y9zw05b,Dylan Nealis,2023,1575.25,-0.3071586016106272,-0.017549134515128677
EGMPn164qa,Wilder Cartagena,2023,778.25,-0.15216200236159655,-0.017596633745639176
NWMWVR6jQl,Brendan Hines-Ike,2023,1730.5,-0.339238147595751,-0.017643128161581964
Xj5Y6AlAqb,Orrin McKinze Gaines II,2023,1160.0,-0.2277072589915473,-0.017666942507964876
raMyA6KRMd,Jon Gallagher,2023,2173.5,-0.429693794337971,-0.017792703699294865
NPqxA8RmQ9,Nelson Quiñones,2023,622.25,-0.12383939554814033,-0.017911684370160916
0Oq6bAPq6D,Douglas Costa,2023,1772.0,-0.3583480207238479,-0.018200520239924554
7VqGjPwe5v,Samuel Grandsir,2023,2023.5,-0.4111328601189103,-0.018286116832568287
gpMOa9aRqz,Ashley Fletcher,2023,713.75,-0.1452129607869506,-0.018310565983643508
KAqB92k75b,Franco Escobar,2023,1456.25,-0.2964625390655793,-0.01832214833710018
e7MzZozPMr,Jojea Kwizera,2023,760.25,-0.15531288684807773,-0.01838626743351134
7vQ7rmxEqD,Jamiro Monteiro,2023,2606.75,-0.5401298978947117,-0.01864839006829349
eVq3jJYw5W,Jonathan González,2023,668.0,-0.13874041098060697,-0.018692570341698543
gOMnR6e6Mw,Nick Lima,2023,2517.75,-0.5239287588969526,-0.018728463231347723
9YqdobRm5v,Maciel,2023,1226.25,-0.25705316647645293,-0.01886628744781306
0Oq6lyNdM6,Wil Trapp,2023,2472.25,-0.5262512257354893,-0.019157694535825276
KAqBkYpWQb,Kristian Fletcher,2023,553.25,-0.1178166038750484,-0.019165828014016006
odMXj3JqYL,Drew Moor,2023,732.75,-0.15606832799807,-0.019169088392802864
KXMe8jYxQ6,Serge Ngoma,2023,638.75,-0.13667386281844018,-0.019257374017471025
0x5g2EKLM7,Indiana Vassilev,2023,1332.75,-0.28552491612970105,-0.019281367437008513
raMyDodQd2,Bryan Oviedo,2023,856.25,-0.18394735780543045,-0.019334612791227727
KAqBNr8Jqb,Kosi Thompson,2023,1877.75,-0.4044222969253962,-0.019383840619510404
4wM42Zd4qj,Josh Williams,2023,1666.5,-0.3601658812327585,-0.019450902676836645
gjMNRlApMK,Ronaldo Cisneros,2023,1900.25,-0.4131010502690351,-0.01956537009562592
Pk5LeG0YqO,Quinn Sullivan,2023,818.75,-0.17839277461795833,-0.01960958743892061
vzqodDnvQa,Rida Zouhir,2023,578.0,-0.12733849461074434,-0.019827793278489603
KAqB9EbX5b,Alan Steven Franco,2023,1136.75,-0.2512901566995225,-0.019895415969172662
eV5DLY8A5K,Mason Toye,2023,1165.25,-0.2576883078373521,-0.01990298022343848
2vQ1L4XOqr,C.J. Sapong,2023,2473.0,-0.5484132295424061,-0.01995842727813043
odMXEazG5Y,Esmir Bajraktarevic,2023,605.75,-0.13516543205763307,-0.02008235886947912
gOMn6X0eMw,Mikey Ambrose,2023,550.75,-0.12307806093834996,-0.020112620035318197
eV5DzeZaQK,Leonardo Chú,2023,1010.5,-0.2280071538190498,-0.02030741597596683
jYQJgJvdMG,Koa Santos,2023,546.5,-0.12345269238666634,-0.020330727017017332
aDQ0NZOB5E,Matko Miljevic,2023,937.5,-0.21183971408876479,-0.020336612552521418
xW5pyO7Bqg,Easton Ongaro,2023,536.75,-0.12219470550733559,-0.02048909826857979
jYQJanvVqG,Daniel Edelman,2023,1428.5,-0.325835327480559,-0.02052865206387841
e7MzJVJ7Mr,Theodore Ku-Dipietro,2023,714.5,-0.16298334592895913,-0.020529742664249576
Oa5wA7V4Q1,Róbert Orri Thorkelsson,2023,656.75,-0.15072839542634156,-0.020655585212593437
gOMnlWY8qw,Jaziel Orozco,2023,758.75,-0.17511127145257427,-0.020771023961425616
9vQ2Z1GaQK,Nathan,2023,855.5,-0.19747572805117994,-0.020774769754069194
N6Mm7DkwqE,Emerson Hyndman,2023,833.75,-0.19279068563959395,-0.020810988554798748
0Oq6wyrPQ6,Kortne Ford,2023,1179.5,-0.2754528116760968,-0.02101801869508157
BLMv7a2A5x,Michael Halliday,2023,645.5,-0.15090560701688305,-0.02104028602869012
7vQ7rA7YqD,William Sands,2023,1046.75,-0.24632333256615122,-0.021178982499119762
2lqRjjpDqr,Ethan Dobbelaere,2023,709.25,-0.16756371021110567,-0.021262931151215383
kRQayrjQKZ,Nicolas Isimat-Mirin,2023,2064.25,-0.4898661262488212,-0.02135785460210435
315VPPBEQ9,Tayvon Gray,2023,1783.0,-0.42481605753731977,-0.021443323151070542
7VqG08wXQv,Wikelman Carmona,2023,865.75,-0.2071019348981466,-0.021529510991433087
NPqxm7JXQ9,Ben Sweat,2023,1356.0,-0.32483794122748666,-0.021560040346957077
jYQJBvJGQG,Jonathan Bell,2023,1295.75,-0.3121107116236756,-0.02167853679037685
wvq9wYNMWn,Victor Wanyama,2023,2709.0,-0.652980925515943,-0.021693718455679172
eVq3jWWD5W,Kamil Jozwiak,2023,1448.0,-0.3513894983401721,-0.021840507493518985
Oa5wXw8q14,Geoff Cameron,2023,2345.25,-0.5699534887553365,-0.02187221575012484
zeQZJm9jQK,Anton Walkes,2023,2262.0,-0.5508074014164267,-0.02191541384945995
7vQ73wYGQD,Héber,2023,1259.75,-0.3081202927502797,-0.022012959990097378
2lqRkZXDQr,Cristian Espinoza,2023,2634.75,-0.6624100902795901,-0.02262715936053254
KXMeOaaPq6,Emiliano Rigoni,2023,873.5,-0.22097796077557347,-0.022768192867546208
odMX7XZoQY,Zac McGraw,2023,1197.75,-0.30642868218142644,-0.023025323645442186
ljqEVeEoQx,Rodrigo Schlegel,2023,2203.75,-0.569822014177034,-0.02327123370433718
Oa5wVgVYM1,Chris Mueller,2023,2035.75,-0.5282698260737793,-0.02335467731629136
NWMWeDYqlz,Nicolás Lodeiro,2023,1896.0,-0.49306554434705446,-0.023405010016474107
Oa5wVLWAM1,Adam Lundkvist,2023,2453.5,-0.6381397633042541,-0.023408428244297074
0Oq630dXQ6,Kevin Cabral,2023,1993.5,-0.5243696442481889,-0.023673573103755705
wvq9ebLaqW,Reed Baker-Whiting,2023,607.25,-0.15982377729097622,-0.023687344514101046
9vQ22BR7QK,Jesús Ferreira,2023,2680.0,-0.7106771771434465,-0.023866024605563498
vzqo7mXJqa,Iván Angulo,2023,1013.0,-0.2693543241655987,-0.023930788918957436
Oa5wVBw8M1,Jason Pendant,2023,556.25,-0.14856593046970162,-0.024037633693974197
9vQ2ZNGLQK,Benjamin Bender,2023,1844.0,-0.4939008252077309,-0.02410578864896734
7VqG0dN3Qv,Isaac Atanga,2023,811.0,-0.21857667665272446,-0.02425635129315068
KPqjK4w4Q6,Noah Allen,2023,776.0,-0.20984355634688956,-0.024337525864974303
kRQa207YMK,Paxton Pomykal,2023,2265.5,-0.6168129970727037,-0.024503716502557196
0Oq6wel7Q6,Cameron Duke,2023,1366.75,-0.37291515691252763,-0.0245563300692354
9vQ223NeQK,Cal Jennings,2023,554.5,-0.1515415230818253,-0.024596460013280932
NPqxeJ4kQ9,Allan Cruz,2023,1176.75,-0.3224569538884901,-0.024662099723785094
p6qbrkpq0G,Harrison Afful,2023,1718.0,-0.47563364963453436,-0.024916780248607735
Vj58BzJ4Q8,Matías Vera,2023,2357.5,-0.6529850883373493,-0.024928380890927436
vzqodkKBQa,Zorhan Ludovic Bassong,2023,963.5,-0.2673853353255878,-0.024976315702442034
eVq3xk1VQW,Sebastian Berhalter,2023,1246.5,-0.3472285699260762,-0.025070654868308753
0x5gLLjRq7,Julian Araujo,2023,2875.0,-0.8045080408101692,-0.025184599538405298
NWMWVG8ZQl,Donovan Pines,2023,1688.0,-0.4741841957400623,-0.025282332711259244
aDQ0aNE3ME,Michael Boxall,2023,2712.5,-0.7698483516803707,-0.025543355447459302
gjMNvg3KMK,Luis Martins,2023,1621.0,-0.460465290954355,-0.025565623803758143
EGMPy6A5aY,Chris Mavinga,2023,1801.75,-0.5123867071290852,-0.02559445186158883
NWMWVjaDQl,Rubio Rubín,2023,1671.5,-0.48219029345933123,-0.025962983195536832
vzqodxN7Qa,Jacen Russel-Rowe,2023,691.25,-0.2009706734302726,-0.026166163629257916
gjMNv7PpMK,Aníbal Godoy,2023,1624.25,-0.4748455329415441,-0.026311280877167286
jYQJal6kqG,Miguel Ángel Navarro,2023,2299.0,-0.6738100096329344,-0.026377947310554192
xW5pyrwKqg,Obinna Nwobodo,2023,2355.5,-0.6962529457456736,-0.02660274468992173
0Oq633dAQ6,Griffin Yow,2023,726.0,-0.21464308465164628,-0.0266086468576421
gOMn6vBBMw,Erik Hurtado,2023,915.25,-0.27184661379230535,-0.026731707447481542
OlMlenEy5L,Jesús Jiménez,2023,2456.0,-0.7346591107002358,-0.026921547216213853
gOMnRzp8Mw,Jacori Hayes,2023,696.0,-0.2135229485198399,-0.02761072610170344
4JMAoL97qK,Julián Carranza,2023,2072.25,-0.635982289457539,-0.02762138064962167
eVq3x19vQW,Daniel Crisostomo,2023,630.5,-0.1938493017227461,-0.02767079643940864
ljqEjjZkQx,Nicolás Mezquida,2023,771.25,-0.23954117398814936,-0.027952940886785665
Pk5LgWeGMO,Bakaye Dibassy,2023,2397.5,-0.7447756741140413,-0.027958210915647014
ljqEjLaEQx,Diego Fagundez,2023,2821.75,-0.8791488909399066,-0.028040542282126903
KPqjKWwPQ6,Brian Gutierrez,2023,1569.25,-0.49178205032332445,-0.028204801356762274
p6qbgzx4Q0,Jasper Löeffelsend,2023,1880.0,-0.5957967165352567,-0.028522183238389946
raMyZA6R5d,Ravel Morrison,2023,1283.0,-0.4080051968261671,-0.028620785435974308
7VqGoadqvW,Marcelo Silva,2023,2641.25,-0.8418261122890275,-0.028685035534694737
2vQ14E1Kqr,Ranko Veselinovic,2023,2556.5,-0.8163083112830201,-0.028737628795412404
7vQ7J9k2qD,Noble Okello,2023,924.5,-0.2974851938884855,-0.02896015949157782
aDQ0lpPBQE,Samuel Adeniran,2023,556.25,-0.1811006482924138,-0.029301677925963582
Oa5wEGBQ14,Steven Beitashour,2023,1377.25,-0.45078347560332727,-0.029457624109130116
aDQ0P4rWQE,Jhegson Méndez,2023,1231.0,-0.40449517977772936,-0.02957316505279906
gOMnlXymqw,Pablo Bonilla,2023,1007.0,-0.33125207179301636,-0.029605448323109705
e7Mzlop7qr,Kalil ElMedkhar,2023,595.75,-0.19638631296133902,-0.02966809595723124
XVqKWGw2q0,Facundo Quignón,2023,1653.0,-0.5527097873575674,-0.030093091870647952
0x5g2lywM7,Jake Nerwinski,2023,1988.25,-0.6660762162240206,-0.03015056429531591
Vj587nmM8n,Teal Bunbury,2023,1233.5,-0.4135084955351165,-0.030170867124572745
7vQ7BmAzqD,Hassani Dotson,2023,1507.75,-0.5070810658937904,-0.03026847682337333
0x5g2KPRM7,Matt Real,2023,654.75,-0.22032676747659666,-0.0302854663198071
OlMl99Jy5L,Jonathan Menéndez,2023,857.5,-0.2892417090687603,-0.03035773039788738
315V7zn7q9,Sofiane Djeffal,2023,1892.75,-0.643374232864866,-0.030592355545020704
NWMWVgnDQl,Wilfrid Kaptoum,2023,1324.0,-0.45043676884441214,-0.03061881359214282
7vQ7rPpOqD,Russell Canouse,2023,1632.25,-0.5602914920859188,-0.030893695382283773
gjMNvnjDMK,Dario Zuparic,2023,2584.0,-0.8908196640578319,-0.03102700068312882
NWMWlKbN5l,Jordan Perruzza,2023,682.5,-0.23575079472841753,-0.03108801688726385
gpMOa0y1qz,Christopher Gloster,2023,787.5,-0.27408826610575043,-0.03132437326922862
jYQJa30DqG,Joseph Rosales,2023,1147.25,-0.3996105103147358,-0.03134883061959139
vzqor7PL5a,Arnór Ingvi Traustason,2023,1181.75,-0.4133771943875025,-0.03148207953871396
gpMOoOjEMz,Justin Haak,2023,1250.0,-0.4374194576538394,-0.03149420095107644
eVq3a0ZgMW,Maikel Chang,2023,1860.5,-0.6558457071099817,-0.03172594122004749
a35ryZ7bML,Tanner Beason,2023,2250.5,-0.7957507720372563,-0.03182295911279852
Pk5LegYPqO,Ercan Kara,2023,2024.75,-0.7180681061108072,-0.031918078552894254
eV5DzJgOQK,Caleb Wiley,2023,1723.25,-0.6118984377196002,-0.03195755659060729
9vQ2dRnL5K,Adrien Hunou,2023,1059.25,-0.37672765655660784,-0.0320089583102145
9YqdY2mRQv,Mathieu Choinière,2023,1802.75,-0.6426778885046655,-0.03208487586488414
7vQ7rYLOqD,George Fochive,2023,830.25,-0.2964511535803467,-0.032135626404373625
N6MmepZxME,Jhojan Valencia,2023,943.25,-0.33704512093900246,-0.03215908919640628
Pk5LemYYqO,Adam Saldana,2023,698.5,-0.24960550105267318,-0.03216105239046612
NWMWLO7N5l,Sam Junqua,2023,1253.75,-0.45588900142810646,-0.03272583061099069
0Oq6lnlrM6,José Van Rankin,2023,2316.75,-0.8425634977023853,-0.03273150525227783
KPqjKbg2Q6,Paxten Aaronson,2023,979.25,-0.35846968806199514,-0.032945899336818546
wvq9gwJZMW,Kadin Chung,2023,871.25,-0.31943020940552036,-0.03299709480229192
Vj58WX4JM8,Quinn McNeill,2023,1031.75,-0.37990557889537885,-0.03313932842314911
N6MmebxeME,Rodrigues,2023,995.75,-0.36750860538079605,-0.03321694650692608
XVqKWZp2q0,Felipe Hernandez,2023,1593.75,-0.5893511538231774,-0.03328100633354413
odMXR4waqY,Kemar Lawrence,2023,2336.0,-0.8677244126426035,-0.03343116315831948
aDQ0Pv1WQE,Carlos Ferreira,2023,2390.75,-0.8931715671238732,-0.03362352443423553
gpMOaajrqz,José Mauri,2023,675.0,-0.2522147987392529,-0.033628639831900384
KAqB9mYm5b,Karol Swiderski,2023,2492.0,-0.932487808777565,-0.033677328567408044
p6qbe72X50,Alessandro Schöpf,2023,776.0,-0.29489890994975065,-0.0342021931642752
jYQJzpAkQG,Brandt Bronico,2023,2822.75,-1.0746126849753892,-0.034262737276692955
NWMWrgeQlz,Larrys Mabiala,2023,1987.5,-0.7655932372787309,-0.03466837300884819
7vQ7BYdeqD,Dru Yearwood,2023,1852.0,-0.7218059053504535,-0.03507696084316459
wvq9gNOBMW,Jairo Torres,2023,1077.5,-0.42074742429754,-0.03514363636823999
2lqRRJ2Lqr,Raúl Ruidíaz,2023,1821.5,-0.7145986792671442,-0.03530819716389952
vzqod90kQa,Andres Jasson,2023,960.75,-0.3792490789218901,-0.03552684580064544
aDQ0a6jPME,Shane O'Neill,2023,2120.0,-0.8376420080396048,-0.03556027392620964
4JMAaEp9MK,Sam Nicholson,2023,1181.75,-0.46701682739540695,-0.035567179577395074
KXMekX42q6,Dejan Joveljic,2023,1310.0,-0.517980018808366,-0.03558641350591828
jYQJnAGQGR,Jonathan Bornstein,2023,1768.5,-0.7022982297284944,-0.03574036792511422
XVqKWAZBq0,Brandon Servania,2023,1549.5,-0.6167554377974449,-0.035823161924343365
Oa5wV1NBM1,Jaroslaw Niezgoda,2023,1702.25,-0.6809030050406865,-0.03600015888010679
zeQZJN9jQK,Lucas Zelarayán,2023,2495.5,-1.0028249105405305,-0.03616679701408445
KPqj7OVPQ6,Fabian Herbers,2023,1599.0,-0.6428151915282025,-0.03618096762822904
9z5kb3yPMA,Déiber Caicedo,2023,1652.5,-0.6675709579563177,-0.03635787365571473
7VqGj3RA5v,Samuel Piette,2023,1879.75,-0.7615877886367411,-0.036463838796279666
N6MmKdJPqE,Jack Maher,2023,2043.25,-0.8319579914412387,-0.03664564748792927
p6qbgGEpQ0,Kerwin Calderón Vargas,2023,1011.5,-0.4130425741923045,-0.036751192958287104
jYQJaXjkqG,Jordy Alcívar,2023,1342.25,-0.5505806573361118,-0.03691730986049549
9z5k7X9J5A,Blake Bodily,2023,578.0,-0.23744829153064362,-0.03697291736636319
zeQZjOxDQK,Machop Chol,2023,670.75,-0.28065178070339575,-0.037657339192404944
KXMe87ZPQ6,Ralph Priso-Mbongue,2023,921.75,-0.3865499086740366,-0.03774287147346168
eV5DLNDm5K,Brenner,2023,2463.25,-1.0372024131264825,-0.0378963634147502
9YqdokXR5v,Jhon Espinoza,2023,1022.0,-0.4322797364980167,-0.03806768716714432
315VXpO9Q9,Ahmed Hamdi,2023,938.0,-0.4000548615691845,-0.038384794820071004
EGMPlymjMa,Javier López,2023,1234.0,-0.526390917327694,-0.03839155798986423
vzqo70PBqa,Amar Sejdic,2023,1426.25,-0.6102604562767835,-0.03850898584743945
e7Mzl0O6qr,Nikola Vujnovic,2023,782.75,-0.3380025267608182,-0.03886327359753898
Oa5wdYB9q1,Elias Manoel,2023,853.25,-0.37014708963550574,-0.03904276362988048
KXMe8gorQ6,Javier Casas,2023,548.25,-0.23856920650523333,-0.03916320763423803
Vj58BZ74Q8,Drew Skundrich,2023,1314.75,-0.5737555405135021,-0.03927590693760425
aDQ0PA8lQE,Ayo Akinola,2023,1356.0,-0.5923874468983693,-0.03931775090033424
9z5kakyJQA,Tyler Pasher,2023,1090.75,-0.477576496284643,-0.03940580762376151
xW5prjd6Qg,Chris Odoi-Atsem,2023,1074.0,-0.47258610441547827,-0.03960218752085014
Vj58BVBEQ8,Gustavo Vallecilla,2023,1363.5,-0.6000794878629465,-0.03960920711966644
4JMAaaxkMK,Sebastian Lletget,2023,2326.75,-1.0271111860116362,-0.03972923895607489
BLMvD98qxe,Florian Jungwirth,2023,1588.5,-0.7054223940719204,-0.03996727445166688
NPqxx0vXq9,Andre Reynolds,2023,852.5,-0.3818537389159863,-0.04031300469494283
KXMeO4D6q6,Christian Ortíz,2023,1027.25,-0.4611060187834994,-0.040398677722574786
Pk5Le0VDqO,Ryan Raposo,2023,1418.25,-0.637160806041468,-0.040433261092002196
2lqRkYZnQr,Bryan Acosta,2023,1979.0,-0.9003667137595939,-0.04094643973641407
vzqo7PoNqa,Marlon Hairston,2023,936.75,-0.4267534234679041,-0.04100112955656404
KPqjodRYQ6,Júnior Moreno,2023,2271.5,-1.0378834765183516,-0.04112239176167803
EGMP1wzA5a,Tate Schmitt,2023,1256.0,-0.5787356706227733,-0.04146991270386115
0x5gPvZRq7,Eriq Zavaleta,2023,887.0,-0.4149562890709886,-0.04210379483245657
9vQ2dAKY5K,Sean Davis,2023,2967.5,-1.401772578376232,-0.042513742899363396
eV5DL9aZ5K,Luca Petrasso,2023,1919.75,-0.9099369652397228,-0.04265884978334421
xW5prbllQg,Artur,2023,1522.5,-0.7286078861446187,-0.04307041691495283
Xj5Y9bmX5b,Moussa Djitté,2023,1043.5,-0.499864105072707,-0.04311238088791915
2lqRkoYxQr,Taylor Washington,2023,1123.25,-0.5394222217505277,-0.04322101042292231
0Oq6wjzgQ6,Abu Danladi,2023,891.0,-0.4320943867409736,-0.043645897650603394
315VXDObQ9,Christian Makoun,2023,1738.75,-0.8571896229747569,-0.044369268766486336
0x5gLm2bq7,Jackson Hopkins,2023,1256.75,-0.6205357592968863,-0.04443860619591786
eVq3jBjj5W,Tom Barlow,2023,1280.75,-0.6347744010042855,-0.044606438485563685
NWMWV93KQl,Joaquín Torres,2023,1754.75,-0.8811964532902727,-0.0451959998838151
Xj5Y6nZyqb,Ethan Zubak,2023,819.25,-0.4120077567714902,-0.04526176150068247
Vj58WNDrM8,Obed Vargas,2023,981.75,-0.49840893574277656,-0.0456906587388336
4wM4Jwdzqj,Jahkeele Marshall-Rutty,2023,969.5,-0.49394517356561135,-0.04585360043414649
XVqKelKaM0,Benji Michel,2023,1888.25,-0.968894156148456,-0.04618057675273986
NWMWlWle5l,Brian White,2023,1992.5,-1.0286164013713912,-0.04646197045090349
eVq3j1dD5W,Eric Remedi,2023,1929.25,-0.9961483165599649,-0.04647057068311357
odMX8xmrMY,Sebastien Ibeagha,2023,1542.0,-0.8032104436255234,-0.04687998698203444
aDQ00OGQEv,Jozy Altidore,2023,1048.0,-0.5492702724357891,-0.04717015698398952
e7Mz9oL7Qr,Martín Rodríguez,2023,1223.0,-0.643585065541201,-0.04736112501938519
OlMleyrD5L,Matías Pellegrini,2023,573.5,-0.3021955975853448,-0.047423895000315665
gOMnR96lMw,Alex Muyl,2023,2027.5,-1.0783987838139542,-0.04786973639618045
N6Mm76gZqE,Josef Martínez,2023,1783.0,-0.9662477557770613,-0.04877302188442822
7vQ7rVvGqD,Kevin O'Toole,2023,947.75,-0.5168680637332894,-0.049082696635184435
2vQ14B6Kqr,José Andrés Martínez,2023,2688.75,-1.4969154182875006,-0.05010595542384939
vzqo7jLvqa,Nouhou Tolo,2023,2273.75,-1.2702319468200476,-0.0502785597421899
N6MmorYxqE,Aidan Morris,2023,2006.0,-1.132537044851855,-0.05081173182286488
gpMOag9Dqz,Michael Estrada,2023,1214.75,-0.6943289230220626,-0.0514423569228118
9YqdogzE5v,Rodney Redes,2023,824.75,-0.4723684550750625,-0.05154672440952485
ljqE2vBzQx,John Nelson,2023,1318.0,-0.7665883107400514,-0.0523466980019762
9vQ2dZE15K,Will Bruin,2023,1340.0,-0.7814766973374847,-0.05248724086595047
aDQ0PKPRQE,Marco Farfan,2023,2565.5,-1.500423137944574,-0.052636165431694276
eVq3jYZv5W,Derrick Jones,2023,1336.0,-0.7862965184062994,-0.052969076838747714
315VDkYQ9x,A.J. DeLaGarza,2023,796.5,-0.4726937956419903,-0.05341172832112885
4JMA97YkMK,Matheus Rossetto,2023,1783.25,-1.0709403289635344,-0.054049981554307076
9vQ2kxaMK6,Collen Warner,2023,1112.75,-0.668663656043127,-0.05408198521130662
XVqKeYLNM0,Joshua Atencio,2023,1328.25,-0.8064599929200201,-0.054644381225523675
e7Mzl29Xqr,Joseph Mora,2023,1866.0,-1.134012062264697,-0.05469511554331336
Oa5wVYL4M1,Luis Amarilla,2023,2459.75,-1.5008653256870688,-0.054915287859268705
KAqBjmYXqb,Kacper Przybylko,2023,2176.75,-1.3474625224192744,-0.05571224394980347
zeQZJxR1QK,Eric Miller,2023,1584.0,-0.9820374777786246,-0.055797583964694586
XVqKYp2DM0,Yuya Kubo,2023,1900.0,-1.1887425426290064,-0.056308857282426614
0Oq6w947Q6,Michael Baldisimo,2023,1102.75,-0.6906713579687266,-0.056368553359497066
NWMWL3XK5l,Aké Arnaud Loba,2023,830.0,-0.5233106603877598,-0.0567445294396366
Oa5wAWDAQ1,Adrien Pérez,2023,813.5,-0.5140414176237112,-0.056869978593895525
0Oq6wjLrQ6,Jake Mulraney,2023,1344.5,-0.8649047254335506,-0.05789618838900673
0x5gPK4Xq7,Darwin Cerén,2023,1479.0,-0.9530909347720263,-0.057997419965843386
0Oq632k7Q6,Danny Leyva,2023,1270.25,-0.8294079581141827,-0.05876537392661007
raMyrZKR5d,Moses Nyeman,2023,801.5,-0.5239548333333544,-0.05883460386775033
XVqKear0M0,Aimé Mabika,2023,1149.0,-0.7666428216897518,-0.060050351568387866
gpMOoLXyMz,Mender García,2023,971.0,-0.6518619819144824,-0.060419751155822266
4wM4aBOp5j,Mohammed Adams,2023,738.25,-0.49681375877924805,-0.060566526637497224
gpMOaDz1qz,Joey Dezart,2023,670.5,-0.45296407489332036,-0.060800546965546355
zeQZXr4g5K,Franco Ibarra,2023,1253.0,-0.8553847541701906,-0.0614402457105484
0x5gPGKPq7,Remi Walter,2023,2689.0,-1.8375293128540278,-0.061501538920365376
NWMWlX6K5l,Andrés Perea,2023,1461.0,-1.0092647563139618,-0.06217236691872455
KAqB9Vgm5b,Tesho Akindele,2023,1273.25,-0.8870328551354939,-0.0627001429115998
7VqGjDgY5v,Justin Rennicks,2023,918.25,-0.6435882933285889,-0.06307971293174298
9vQ2Zrj1QK,Ifunanyachi Achara,2023,949.25,-0.6683796377408036,-0.06337020531648388
EGMPZpX6qa,Nnamdi Chinonso Offor,2023,1019.75,-0.7348738791825179,-0.06485770936643943
gpMOoOpOMz,Bryce Duke,2023,1466.0,-1.0721399479700495,-0.06582032422735638
kRQaoNZj5K,Miguel Berry,2023,1643.75,-1.207547953582989,-0.06611669403648304
4JMA9GAYMK,Oniel Fisher,2023,988.0,-0.7308820148608653,-0.06657832119177924
0Oq6wxj6Q6,Judson,2023,1315.5,-0.9946257656498255,-0.06804737279246241
e7MzJ3m6Mr,Federico Navarro,2023,2113.0,-1.6070332656578068,-0.0684491215850462
p6qb0K3M0G,Tosaint Ricketts,2023,842.5,-0.6412631671278289,-0.06850289025697875
NWMWlEAD5l,Edwin Cerrillo,2023,1959.0,-1.4962641937517196,-0.06874108087680182
EGMP1jAA5a,Frankie Amaya,2023,1877.25,-1.434640640302263,-0.06878021447713606
zeQZJX6KQK,Victor Ulloa,2023,1073.5,-0.8339865623503272,-0.06991969316397713
4wM4J8bNqj,Owen Wolff,2023,1030.5,-0.817014497014132,-0.07135497790516436
xW5pKvlMg1,Gonzalo Higuaín,2023,2179.5,-1.731534323420567,-0.07150176146265246
wvq9pBZm5W,Oriol Rosell,2023,1146.75,-0.9184005888604108,-0.07207852888374709
Oa5wAK9WQ1,Tyler Wolff,2023,697.25,-0.5790760987467394,-0.07474628739649558
aDQ0PjnGQE,Tommy McNamara,2023,2390.5,-2.021248505159341,-0.07609804035320673
OlMle0OR5L,Leon Flach,2023,2959.0,-2.535517498812132,-0.07711949134609392
vzqo71lNqa,Nick Besler,2023,1155.25,-0.9928059563448761,-0.07734476180137534
gpMOzd8rQz,Everton Luiz,2023,1248.5,-1.0854620217083923,-0.07824716215759336
Vj58WzzJM8,Leonard Owusu,2023,1295.25,-1.1606263639416234,-0.08064572303010702
0x5gLpbwq7,Caden Clark,2023,1212.25,-1.1302456554396911,-0.08391182428506679
KAqB9ryV5b,Stanislav Ivanov,2023,1109.0,-1.0390039193841367,-0.08431952456679198
2lqRRvNxqr,Scott Caldwell,2023,1345.25,-1.2607124501233304,-0.08434426352804292
a35rK94AqL,Corey Baird,2023,1532.25,-1.459395589298977,-0.08572073945955812
9vQ2ZjbmQK,Jayden Nelson,2023,1629.25,-1.559679987506498,-0.08615694268871248
p6qbenoB50,Ethan Finlay,2023,2048.25,-2.126884652030586,-0.09345520257915427
BLMvlPy3qx,Russell Teibert,2023,2298.5,-2.6882145247222695,-0.10525965073961464
0Oq6lLZgM6,Maximiliano Urruti,2023,2353.5,-2.888295072772044,-0.11045105440810875
NWMWVA9NQl,Khiry Shelton,2023,1915.0,-2.3660297728842528,-0.11119722170213199
KAqB9KxB5b,Tah Brian Anunga,2023,1432.0,-1.9005624540939334,-0.11944875758970253
